"","stream","channel_type","latitude","longitude","max_depth_m","lwd_total","total_shade","undercut_bank_m","dominant_substrate"
"1","Mahogany Creek","scour_pool",41.5338646436792,-119.049556610072,0.27,0,23,3.5,"sand"
"2","Mahogany Creek","run",41.5338552148522,-119.0495802857,0.17,0,5,0,"sand"
"3","Mahogany Creek","mid-channel",41.5338640028765,-119.049592549927,0.27,0,13,1.4,"sand"
"4","Mahogany Creek","run",41.5339000093817,-119.049593687034,0.23,0,3,3.75,"sand"
"5","Mahogany Creek","riffle",41.5339831599916,-119.049476445795,0.17,0,18,0.36,"sand"
"6","Mahogany Creek","run",41.5339750127193,-119.049428241641,0.27,0,24,1.63,"sand"
"7","Mahogany Creek","riffle",41.5339126420807,-119.049390311975,0.31,0,7,0.45,"sand"
"8","Mahogany Creek","scour_pool",41.5338856371984,-119.049389459229,0.22,0,23,1.3,"sand"
"9","Mahogany Creek","run",41.5338946388258,-119.049389743478,0.26,0,17,8.5,"sand"
"10","Mahogany Creek","scour_pool",41.533940928433,-119.049319284918,0.46,0,15,2.5,"sand"
"11","Mahogany Creek","run",41.5339582909586,-119.04935579331,0.37,0,25,5.5,"sand"
"12","Mahogany Creek","scour_pool",41.5340397327613,-119.049334391545,0.37,0,29,6.5,"sand"
"13","Mahogany Creek","run",41.5340303039782,-119.049358067271,0.33,0,23,0,"gravel"
"14","Mahogany Creek","run",41.534084954475,-119.049323832765,0.32,0,4,3,"sand"
"15","Mahogany Creek","scour_pool",41.534105093426,-119.049204601265,0.36,0,21,2.5,"sand"
"16","Mahogany Creek","run",41.534096518922,-119.049180357046,0.26,0,30,0.8,"sand"
"17","Mahogany Creek","scour_pool",41.5340607259686,-119.049167240169,0.35,0,17,0.5,"sand"
"18","Mahogany Creek","run",41.5340418684651,-119.04921459168,0.34,0,8,2.3,"sand"
"19","Mahogany Creek","mid-channel",41.5340060755155,-119.049201474797,0.44,0,14,5.5,"sand"
"20","Mahogany Creek","run",41.5340350024154,-119.049094507592,0.26,0,28,0,"sand"
"21","Mahogany Creek","scour_pool",41.5421971403054,-119.03783156261,0.3,0,28,4.05,"sand"
"22","Mahogany Creek","run",41.542215143664,-119.037832128068,0.29,0,13,6.8,"sand"
"23","Mahogany Creek","run",41.5421898378828,-119.037735427272,0.32,0,21,18.5,"sand"
"24","Mahogany Creek","mid-channel",41.5422468214747,-119.037569381339,0.29,0,28,2.2,"sand"
"25","Mahogany Creek","run",41.5422648248361,-119.037569946725,0.24,0,34,11,"sand"
"26","Mahogany Creek","scour_pool",41.5423998500446,-119.037574187135,0.26,0,26,1,"sand"
"27","Mahogany Creek","run",41.5424174286303,-119.037598715765,0.24,0,81,0,"sand"
"28","Mahogany Creek","mid-channel",41.5424727130245,-119.037528522178,0.28,0,86,0.5,"sand"
"29","Mahogany Creek","run",41.5424557715557,-119.037468048662,0.2,0,92,3.1,"sand"
"30","Mahogany Creek","riffle",41.5423571778109,-119.037440975962,0.22,0,12,10.4,"sand"
"31","Mahogany Creek","mid-channel",41.5424284711617,-119.036975671364,0.29,0,1,0,"sand"
"32","Mahogany Creek","plunge_pool",41.5424580240127,-119.036832739615,0.54,1,79,0,"sand"
"33","Mahogany Creek","riffle",41.5424689364298,-119.03672518749,0.27,0,18,2,"sand"
"34","Mahogany Creek","scour_pool",41.542479848747,-119.036617635326,0.29,0,48,4.5,"sand"
"35","Mahogany Creek","riffle",41.5424995503743,-119.036522347313,0.15,0,1,4,"sand"
"36","Mahogany Creek","mid-channel",41.5425117360761,-119.03634290518,0.37,0,1,2.1,"sand"
"37","Mahogany Creek","riffle",41.542513221854,-119.036259033651,0.14,0,34,0.33,"gravel"
"38","Mahogany Creek","mid-channel",41.5425320742183,-119.036211672074,0.41,0,5,2.5,"sand"
"39","Mahogany Creek","run",41.5425419248755,-119.036164027969,0.23,0,54,0.4,"sand"
"40","Mahogany Creek","run",41.5445073218962,-119.029943642693,0.3,1,12,7.1,"sand"
"41","Mahogany Creek","riffle",41.5444292686845,-119.029773359101,0.28,0,33,0,"sand"
"42","Mahogany Creek","run",41.5444305381528,-119.029701466802,0.24,3,76,4.3,"sand"
"43","Mahogany Creek","riffle",41.544470141625,-119.029498898312,0.18,5,71,6,"sand"
"44","Mahogany Creek","mid-channel",41.5444814703595,-119.029367377233,0.28,0,35,2.8,"sand"
"45","Mahogany Creek","riffle",41.5445193810607,-119.02926066492,0.12,2,81,6,"sand"
"46","Mahogany Creek","debris_pool",41.5445281712549,-119.029272928555,0.24,2,79,2.5,"sand"
"47","Mahogany Creek","riffle",41.5444291522953,-119.02926983135,0.2,2,0,5,"sand"
"48","Mahogany Creek","scour_pool",41.5442516560645,-119.029120415861,0.4,1,56,2.5,"sand"
"49","Mahogany Creek","riffle",41.5443632723155,-119.028920099638,0.28,0,50,3.2,"gravel"
"50","Mahogany Creek","scour_pool",41.5443281113718,-119.028871045434,0.31,0,50,4.5,"sand"
"51","Mahogany Creek","run",41.5443019521321,-119.028822272783,0.31,0,37,17.5,"sand"
"52","Mahogany Creek","riffle",41.5443047012947,-119.028666506344,0.18,0,38,2.5,"gravel"
"53","Mahogany Creek","run",41.5442442266995,-119.028520751712,0.28,0,44,8,"sand"
"54","Mahogany Creek","riffle",41.5442641331609,-119.028413476372,0.2,2,52,2,"sand"
"55","Mahogany Creek","mid-channel",41.544294521221,-119.028222608141,0.35,1,37,3.5,"sand"
"56","Mahogany Creek","run",41.5443131589342,-119.028187224857,0.26,2,21,6.5,"sand"
"57","Mahogany Creek","debris_pool",41.5444358892231,-119.027867367522,0.24,0,90,0,"sand"
"58","Mahogany Creek","scour_pool",41.5444453137187,-119.027843684758,0.4,1,60,1.5,"sand"
"59","Mahogany Creek","riffle",41.5741436336166,-119.028676706456,0.11,2,90,1,"sand"
"60","Mahogany Creek","mid-channel",41.5425456818978,-119.006241278242,0.17,2,83,6,"sand"
"61","Mahogany Creek","scour_pool",41.5424747126547,-119.006179142126,0.32,0,93,2.25,"sand"
"62","Mahogany Creek","riffle",41.5425473548349,-119.006145423235,0.27,1,97,8.85,"sand"
"63","Mahogany Creek","scour_pool",41.5424041615888,-119.006093042447,0.23,0,97,4.5,"sand"
"64","Mahogany Creek","riffle",41.5423861578779,-119.006092485789,0.13,4,100,17,"sand"
"65","Mahogany Creek","mid-channel",41.5422645228312,-119.005836970869,0.23,1,97,2.7,"sand"
"66","Mahogany Creek","riffle",41.5422739428436,-119.005813285505,0.17,0,91,2,"gravel"
"67","Mahogany Creek","scour_pool",41.5422471463476,-119.005800468815,0.36,0,81,3.25,"sand"
"68","Mahogany Creek","riffle",41.5422393989174,-119.005728299594,0.12,0,92,3,"sand"
"69","Mahogany Creek","scour_pool",41.5422393989174,-119.005728299594,0.44,0,87,7.5,"sand"
"70","Mahogany Creek","riffle",41.5421765949795,-119.005714369848,0.19,1,92,0,"sand"
"71","Mahogany Creek","mid-channel",41.542104998244,-119.005688180061,0.27,1,95,0.65,"sand"
"72","Mahogany Creek","riffle",41.5421144182252,-119.005664494731,0.09,6,69,7.5,"sand"
"73","Mahogany Creek","scour_pool",41.5419354263365,-119.005599020584,0.24,1,93,3.6,"sand"
"74","Mahogany Creek","riffle",41.5419354263365,-119.005599020584,0.14,1,81,3.5,"sand"
"75","Mahogany Creek","run",41.541928305901,-119.005490906431,0.23,0,93,0,"sand"
"76","Mahogany Creek","riffle",41.5419203492327,-119.005430719362,0.21,5,92,14.5,"sand"
"77","Mahogany Creek","scour_pool",41.5416090465178,-119.00520531054,0.31,0,81,0.3,"sand"
"78","Mahogany Creek","riffle",41.5415816229102,-119.005228439356,0.16,0,83,4,"sand"
"79","Mahogany Creek","run",41.5415552443575,-119.005191659653,0.21,3,79,7.3,"sand"
"80","Mahogany Creek","scour_pool",41.532078239842,-118.993391894111,0.55,1,27,6,"sand"
"81","Mahogany Creek","riffle",41.532133290181,-118.993333652678,0.14,1,90,6,"gravel"
"82","Mahogany Creek","scour_pool",41.5321795462787,-118.993263154637,0.24,0,92,3.5,"gravel"
"83","Mahogany Creek","riffle",41.5322245559885,-118.993264536891,0.15,1,92,6.5,"gravel"
"84","Mahogany Creek","scour_pool",41.5322523927177,-118.993217445961,0.32,1,55,0.77,"sand"
"85","Mahogany Creek","riffle",41.5322260100551,-118.993180676428,0.17,2,99,3.25,"sand"
"86","Mahogany Creek","scour_pool",41.5322890236514,-118.993182611508,0.22,2,63,6.15,"sand"
"87","Mahogany Creek","riffle",41.5323696256877,-118.993209059662,0.11,0,92,8,"sand"
"88","Mahogany Creek","run",41.532344281604,-118.993112389622,0.23,3,93,3,"sand"
"89","Mahogany Creek","scour_pool",41.5324165048567,-118.993102620973,0.32,1,71,1,"sand"
"90","Mahogany Creek","riffle",41.5324169202784,-118.993078660769,0.17,2,90,2,"sand"
"91","Mahogany Creek","scour_pool",41.532608453512,-118.992940704112,0.26,1,42,0,"sand"
"92","Mahogany Creek","riffle",41.5326356670368,-118.992929553198,0.1,4,94,15,"sand"
"93","Mahogany Creek","mid-channel",41.5329050302559,-118.992458361321,0.21,1,72,1.5,"sand"
"94","Mahogany Creek","riffle",41.5329506629182,-118.992423802436,0.21,1,85,0,"sand"
"95","Mahogany Creek","mid-channel",41.5329508705611,-118.99241182223,0.22,0,81,0,"sand"
"96","Mahogany Creek","riffle",41.5329717813235,-118.99224465197,0.12,3,87,11,"sand"
"97","Mahogany Creek","scour_pool",41.532837790231,-118.992180606297,0.37,0,87,8,"sand"
"98","Mahogany Creek","riffle",41.5328197863372,-118.992180053684,0.21,5,84,9,"sand"
"99","Mahogany Creek","mid-channel",41.5329438699524,-118.99177631864,0.2,2,81,3,"sand"
"100","Mahogany Creek","mid-channel",41.5325881493118,-118.988912611862,0.08,0,81,5,"sand"
"101","Mahogany Creek","riffle",41.5326321227388,-118.988973891982,0.04,0,89,0.29,"gravel"
"102","Mahogany Creek","mid-channel",41.532715213193,-118.988856572853,0.09,2,90,0.5,"sand"
"103","Mahogany Creek","riffle",41.5327503919592,-118.988905597012,0.07,2,68,2,"sand"
"104","Mahogany Creek","scour_pool",41.5328244803832,-118.988788001748,0.14,0,97,1.9,"sand"
"105","Mahogany Creek","riffle",41.5327520501289,-118.988809755452,0.08,1,98,7.3,"sand"
"106","Mahogany Creek","scour_pool",41.5326078114135,-118.988817322219,0.13,2,96,3,"sand"
"107","Mahogany Creek","riffle",41.5325718035507,-118.988816218867,0.05,1,92,22.5,"sand"
"108","Mahogany Creek","scour_pool",41.5325376610304,-118.988707294112,0.17,1,92,5.5,"sand"
"109","Mahogany Creek","riffle",41.5325376610304,-118.988707294112,0.09,0,89,9.5,"sand"
"110","Mahogany Creek","scour_pool",41.5325372465185,-118.988731254425,0.13,0,93,0.79,"sand"
"111","Mahogany Creek","run",41.5326025400404,-118.988601403353,0.13,0,85,3.91,"sand"
"112","Mahogany Creek","riffle",41.5326121637336,-118.988565738648,0.09,2,89,15,"sand"
"113","Mahogany Creek","scour_pool",41.5327781364994,-118.988343079285,0.13,1,89,2.2,"sand"
"114","Mahogany Creek","riffle",41.5327873456845,-118.988331374854,0.07,0,87,6,"sand"
"115","Mahogany Creek","riffle",41.5328810950715,-118.988118488571,0.07,0,87,6,"sand"
"116","Mahogany Creek","run",41.532833806012,-118.98824889222,0.09,0,79,1.5,"sand"
"117","Mahogany Creek","riffle",41.5328258400683,-118.988188715392,0.06,0,89,5,"sand"
"118","Mahogany Creek","scour_pool",41.5328632983273,-118.988105956862,0.18,1,82,2,"sand"
"119","Mahogany Creek","riffle",41.5328817166501,-118.988082547897,0.18,0,91,4,"sand"
"120","Summer Camp Creek","riffle",41.5300212543119,-118.988390474899,0.12,0,76,4.5,"sand"
"121","Summer Camp Creek","scour_pool",41.5300305775668,-118.987851388514,0.26,1,94,1,"sand"
"122","Summer Camp Creek","riffle",41.5300496172787,-118.987792041354,0.11,4,84,15,"sand"
"123","Summer Camp Creek","scour_pool",41.5298812725646,-118.987631067864,0.21,0,83,1.9,"sand"
"124","Summer Camp Creek","riffle",41.5298362626823,-118.987629689629,0.11,4,90,18,"sand"
"125","Summer Camp Creek","mid-channel",41.5296233220504,-118.987443379734,0.15,4,88,3.2,"sand"
"126","Summer Camp Creek","riffle",41.5296509493126,-118.987408267691,0.09,3,85,4.2,"sand"
"127","Summer Camp Creek","mid-channel",41.5296073891433,-118.987323032242,0.26,1,92,1,"sand"
"128","Summer Camp Creek","riffle",41.529571381229,-118.987321929835,0.07,0,95,1.2,"sand"
"129","Summer Camp Creek","scour_pool",41.5295449965821,-118.987285164186,0.16,1,86,0,"sand"
"130","Summer Camp Creek","riffle",41.5295156933667,-118.988458890077,0.07,2,88,1.5,"sand"
"131","Summer Camp Creek","run",41.5295625863481,-118.987309674615,0.2,1,94,2.5,"sand"
"132","Summer Camp Creek","riffle",41.5295630005397,-118.987285715379,0.08,1,84,4,"sand"
"133","Summer Camp Creek","plunge_pool",41.5296266356705,-118.987251705668,0.21,1,84,1,"sand"
"134","Summer Camp Creek","riffle",41.5295370300595,-118.987224990523,0.14,7,78,9.5,"sand"
"135","Summer Camp Creek","mid-channel",41.5293456126495,-118.986835581084,0.18,2,74,3.05,"sand"
"136","Summer Camp Creek","riffle",41.529283012868,-118.986809693223,0.09,3,76,6.5,"sand"
"137","Summer Camp Creek","scour_pool",41.5293474760202,-118.986727764847,0.17,0,91,1.7,"sand"
"138","Summer Camp Creek","run",41.5292492823445,-118.986676815909,0.03,2,100,7,"sand"
"139","Summer Camp Creek","scour_pool",41.5292226904534,-118.986652030263,0.13,1,90,1.3,"sand"
"140","Summer Camp Creek","scour_pool",41.5045984842512,-118.9798482952,0.23,0,97,0,"sand"
"141","Summer Camp Creek","riffle",41.504580480134,-118.979847746551,0.11,1,80,0,"sand"
"142","Summer Camp Creek","rapid",41.5045371195509,-118.979750574461,0.13,4,72,0,"sand"
"143","Summer Camp Creek","riffle",41.5042754412015,-118.979778544532,0.1,4,95,8,"gravel"
"144","Summer Camp Creek","scour_pool",41.5041424723423,-118.97965468,0.17,0,88,1.25,"sand"
"145","Summer Camp Creek","riffle",41.5041962785058,-118.979668300761,0.13,0,87,0.5,"sand"
"146","Summer Camp Creek","mid-channel",41.5040505959188,-118.979759711797,0.19,1,90,0,"sand"
"147","Summer Camp Creek","rapid",41.5040874289804,-118.979712909123,0.11,2,85,0.5,"sand"
"148","Summer Camp Creek","plunge_pool",41.5039959649314,-118.979793990833,0.17,2,85,1.5,"sand"
"149","Summer Camp Creek","riffle",41.5039963773511,-118.979770040914,0.13,0,73,4,"sand"
"150","Summer Camp Creek","scour_pool",41.5038797629837,-118.979742525041,0.21,0,81,0,"sand"
"151","Summer Camp Creek","riffle",41.5038875277895,-118.97981464898,0.13,0,67,1.8,"sand"
"152","Summer Camp Creek","rapid",41.5036835734383,-118.979628716279,0.14,1,70,6.3,"sand"
"153","Summer Camp Creek","mid-channel",41.5034875899382,-118.979502933356,0.12,1,84,0.3,"sand"
"154","Summer Camp Creek","rapid",41.5035954085031,-118.979518199449,0.12,2,70,10.5,"sand"
"155","Summer Camp Creek","riffle",41.5035266907319,-118.979324407298,0.1,2,69,1,"sand"
"156","Summer Camp Creek","scour_pool",41.5034550865438,-118.97929826364,0.15,1,83,1.1,"sand"
"157","Summer Camp Creek","rapid",41.5034008680058,-118.979308593068,0.13,1,77,3.2,"sand"
"158","Summer Camp Creek","scour_pool",41.5034500012433,-118.979070467016,0.13,3,75,1,"sand"
"159","Summer Camp Creek","rapid",41.5033208802072,-118.979246250734,0.13,0,87,0,"sand"
"160","Summer Camp Creek","plunge_pool",41.4956218038965,-119.013896594812,0.19,0,79,1,"sand"
"161","Summer Camp Creek","riffle",41.4962732112475,-118.977929453108,0.14,2,75,7.5,"sand"
"162","Summer Camp Creek","plunge_pool",41.4961134395241,-118.977792812776,0.17,1,88,0,"sand"
"163","Summer Camp Creek","riffle",41.4960966711608,-118.977720423748,0.14,3,97,11,"sand"
"164","Summer Camp Creek","plunge_pool",41.4959440476614,-118.977691819661,0.25,0,89,1.5,"sand"
"165","Summer Camp Creek","rapid",41.4959810857816,-118.977633047944,0.16,2,70,8.5,"sand"
"166","Summer Camp Creek","plunge_pool",41.4956293866287,-118.977658284865,0.18,2,79,1.5,"sand"
"167","Summer Camp Creek","plunge_pool",41.4956201785885,-118.977669984362,0.15,0,90,0,"sand"
"168","Summer Camp Creek","plunge_pool",41.4956756327611,-118.977587813892,0.18,0,92,1,"sand"
"169","Summer Camp Creek","rapid",41.4956310342292,-118.977562497395,0.16,3,88,18.25,"sand"
"170","Summer Camp Creek","plunge_pool",41.4953896254334,-118.977459314423,0.31,0,74,0.75,"sand"
"171","Summer Camp Creek","rapid",41.4954166316914,-118.97746013614,0.13,1,65,3,"sand"
"172","Summer Camp Creek","cascade",41.4863719977384,-118.977041262825,0.13,1,83,0.5,"sand"
"173","Summer Camp Creek","rapid",41.4954268693567,-118.977388569661,0.15,0,83,8,"sand"
"174","Summer Camp Creek","plunge_pool",41.4952478572356,-118.977323224939,0.22,0,78,0.5,"sand"
"175","Summer Camp Creek","rapid",41.4953119014239,-118.977265275253,0.14,1,80,3.5,"sand"
"176","Summer Camp Creek","mid-channel",41.4951611308934,-118.977128912495,0.16,1,93,2.5,"sand"
"177","Summer Camp Creek","rapid",41.4951414794938,-118.977224151556,0.11,2,83,10,"sand"
"178","Summer Camp Creek","scour_pool",41.4951975510401,-118.977106061211,0.17,0,79,2.5,"sand"
"179","Mahogany Creek","run",41.5451172636658,-119.01575599661,0.21,0,90,1,"sand"
"180","Mahogany Creek","scour_pool",41.5450816767198,-119.01573091328,0.66,0,87,2,"sand"
"181","Mahogany Creek","riffle",41.5450835677609,-119.015623072811,0.14,0,84,3.6,"sand"
"182","Mahogany Creek","scour_pool",41.5450670349027,-119.015538637553,0.18,0,64,3,"sand"
"183","Mahogany Creek","riffle",41.5450756164967,-119.015562881766,0.2,2,86,16,"sand"
"184","Mahogany Creek","scour_pool",41.5452058435235,-119.015327151171,0.24,1,91,4.5,"sand"
"185","Mahogany Creek","riffle",41.5451800985782,-119.01525441849,0.09,1,97,3.25,"sand"
"186","Mahogany Creek","mid-channel",41.5451623050486,-119.015241876944,0.26,0,85,3.5,"sand"
"187","Mahogany Creek","riffle",41.5451717269881,-119.015218191981,0.18,2,92,19,"sand"
"188","Mahogany Creek","run",41.5451390807132,-119.015025356878,0.16,1,89,4.3,"sand"
"189","Mahogany Creek","riffle",41.5450769082807,-119.014975470605,0.19,1,84,32,"sand"
"190","Mahogany Creek","scour_pool",41.5451361697771,-119.01467759088,0.38,0,81,9,"sand"
"191","Mahogany Creek","run",41.5451993924141,-119.014667565405,0.2,0,80,6.5,"sand"
"192","Mahogany Creek","riffle",41.5452098642644,-119.014583968813,0.13,2,75,9,"gravel"
"193","Mahogany Creek","scour_pool",41.54516716519,-119.014450765862,0.44,0,82,1.5,"sand"
"194","Mahogany Creek","riffle",41.5451502115052,-119.014390295352,0.14,2,89,5,"sand"
"195","Mahogany Creek","scour_pool",41.5451981601599,-119.01422394061,0.23,0,85,3.5,"sand"
"196","Mahogany Creek","riffle",41.5451897882422,-119.014187714211,0.13,0,80,3.2,"sand"
"197","Mahogany Creek","mid-channel",41.5452000497921,-119.014116099847,0.18,1,99,5.5,"sand"
"198","Mahogany Creek","riffle",41.5452276850676,-119.014080991317,0.14,1,86,5,"sand"
"199","Summer Camp Creek","riffle",41.5099287810334,-118.983605451203,0.13,1,68,1,"gravel"
"200","Summer Camp Creek","scour_pool",41.5097371413218,-118.983228147813,0.23,1,86,1,"gravel"
"201","Summer Camp Creek","riffle",41.5097545256044,-118.983264625484,0.18,3,77,4,"gravel"
"202","Summer Camp Creek","run",41.5096211478428,-118.983164695015,0.14,1,77,3.5,"gravel"
"203","Summer Camp Creek","riffle",41.5096039701061,-118.983116241478,0.16,2,68,0,"gravel"
"204","Summer Camp Creek","mid-channel",41.5096334550733,-118.982973354269,0.24,1,78,2,"sand"
"205","Summer Camp Creek","riffle",41.5096242464742,-118.982985055435,0.16,0,68,12,"sand"
"206","Summer Camp Creek","mid-channel",41.5094990442532,-118.982933304337,0.22,0,80,1,"sand"
"207","Summer Camp Creek","riffle",41.5095260503553,-118.982934128736,0.14,4,55,14,"gravel"
"208","Summer Camp Creek","run",41.5094814533026,-118.982908802845,0.16,1,78,2,"sand"
"209","Summer Camp Creek","riffle",41.5092102384452,-118.982445200099,0.18,10,78,24,"sand"
"210","Summer Camp Creek","rapid",41.5088888495675,-118.98227962399,0.16,9,88,6.5,"gravel"
"211","Summer Camp Creek","plunge_pool",41.5087389120974,-118.982095316827,0.44,0,76,2,"sand"
"212","Summer Camp Creek","riffle",41.5087384991552,-118.982119268459,0.17,0,80,15.5,"cobble"
"213","Summer Camp Creek","rapid",41.5082567245598,-118.981852945669,0.15,3,80,7,"gravel"
"214","Summer Camp Creek","mid-channel",41.5079288096162,-118.981543392419,0.28,0,79,2,"sand"
"215","Summer Camp Creek","rapid",41.5078124022607,-118.981503895787,0.14,0,74,4.5,"sand"
"216","Summer Camp Creek","riffle",41.507759834792,-118.981418418796,0.13,1,93,0.75,"sand"
"217","Summer Camp Creek","plunge_pool",41.4965106037381,-118.984537581032,0.21,1,73,0,"sand"
"218","Summer Camp Creek","rapid",41.5235172911136,-118.985326897109,0.17,4,72,0.5,"sand"
"219","Summer Camp Creek","plunge_pool",41.5234448613874,-118.985348651989,0.19,1,82,0,"sand"
"220","Summer Camp Creek","rapid",41.5234164072848,-118.985431675671,0.15,3,89,13.4,"sand"
"221","Summer Camp Creek","mid-channel",41.5233902287845,-118.985382935859,0.15,1,86,2,"sand"
"222","Summer Camp Creek","riffle",41.5233904356553,-118.985370957365,0.09,1,84,3.3,"sand"
"223","Summer Camp Creek","scour_pool",41.5232472311365,-118.98531863917,0.17,1,95,1.8,"sand"
"224","Summer Camp Creek","riffle",41.5232355397988,-118.985474083952,0.1,1,84,2,"sand"
"225","Summer Camp Creek","plunge_pool",41.523210395673,-118.985365451962,0.27,1,87,1,"sand"
"226","Summer Camp Creek","rapid",41.5231934260025,-118.985305009138,0.1,5,96,4.8,"sand"
"227","Summer Camp Creek","plunge_pool",41.5231023716806,-118.985362148745,0.15,1,92,0,"sand"
"228","Summer Camp Creek","rapid",41.52311137368,-118.985362424012,0.13,1,89,6,"sand"
"229","Summer Camp Creek","mid-channel",41.5230680185853,-118.985265220201,0.26,0,94,0.75,"sand"
"230","Summer Camp Creek","cascade",41.5222984376417,-119.021159540433,0.2,0,88,3.5,"sand"
"231","Summer Camp Creek","mid-channel",41.5231547286894,-118.98545962795,0.24,0,84,1,"sand"
"232","Summer Camp Creek","plunge_pool",41.5229859662824,-118.985322635022,0.26,1,95,1.65,"sand"
"233","Summer Camp Creek","plunge_pool",41.5229610288534,-118.985202025091,0.28,0,99,0.5,"sand"
"234","Summer Camp Creek","plunge_pool",41.5230600508586,-118.98520505278,0.25,0,99,0,"sand"
"235","Summer Camp Creek","riffle",41.5229798602483,-118.985154661902,0.17,0,87,7.5,"sand"
"236","Summer Camp Creek","cascade",41.5199698817665,-118.985254385403,0.19,2,96,7.25,"sand"
"237","Mahogany Creek","mid-channel",41.5126643597318,-118.955888777485,0.1,0,96,0,"sand"
"238","Mahogany Creek","riffle",41.5126547462808,-118.955924436582,0.1,3,78,7.5,"sand"
"239","Mahogany Creek","scour_pool",41.5126567838221,-118.955804669312,0.13,2,84,0.5,"sand"
"240","Mahogany Creek","riffle",41.5125753567405,-118.955826183099,0.1,0,88,2,"sand"
"241","Mahogany Creek","scour_pool",41.5125239923215,-118.955668859516,0.14,0,94,1.5,"sand"
"242","Mahogany Creek","riffle",41.5125217511806,-118.955800603254,0.1,1,78,0.6,"sand"
"243","Mahogany Creek","debris_pool",41.5125407742527,-118.955741261861,0.12,2,82,0.5,"sand"
"244","Mahogany Creek","riffle",41.5125945835697,-118.95575486495,0.09,2,82,5,"sand"
"245","Mahogany Creek","mid-channel",41.5124188183296,-118.955497933317,0.15,1,93,0.25,"sand"
"246","Mahogany Creek","riffle",41.5124437876492,-118.9556185133,0.1,1,72,0,"sand"
"247","Mahogany Creek","mid-channel",41.5123635829511,-118.955568167212,0.11,1,88,1.5,"sand"
"248","Mahogany Creek","riffle",41.5123447636978,-118.955615531828,0.08,0,71,1.6,"sand"
"249","Mahogany Creek","mid-channel",41.5123177571652,-118.955614718701,0.14,0,71,1.25,"sand"
"250","Mahogany Creek","riffle",41.5123175534379,-118.955626695368,0.08,0,75,2,"sand"
"251","Mahogany Creek","mid-channel",41.5122911580832,-118.955589952253,0.15,0,72,0.5,"gravel"
"252","Mahogany Creek","riffle",41.5123275742401,-118.95556708307,0.08,0,86,1.75,"sand"
"253","Mahogany Creek","plunge_pool",41.5123365764179,-118.955567354105,0.23,0,68,1.25,"sand"
"254","Mahogany Creek","riffle",41.5122649664356,-118.955541232511,0.09,0,74,9.5,"sand"
"255","Mahogany Creek","scour_pool",41.5122195481057,-118.955563830654,0.13,1,66,1.6,"sand"
"256","Mahogany Creek","riffle",41.5121739260478,-118.955598405406,0.08,3,66,2.5,"sand"
"257","Mahogany Creek","riffle",41.536702754398,-118.999899178992,0.15,0,95,5.5,"sand"
"258","Mahogany Creek","riffle",41.5366058178196,-118.999776319181,0.1,2,81,3.5,"gravel"
"259","Mahogany Creek","run",41.5365250091484,-118.999761841806,0.21,0,47,0,"sand"
"260","Mahogany Creek","scour_pool",41.5365237585909,-118.999833726674,0.2,0,94,2.5,"sand"
"261","Mahogany Creek","rapid",41.5365786036969,-118.999787467814,0.13,0,65,5.5,"sand"
"262","Mahogany Creek","run",41.5363803534842,-118.999793345876,0.18,0,74,1.5,"sand"
"263","Mahogany Creek","rapid",41.5363784776069,-118.999901172934,0.19,0,86,0.5,"sand"
"264","Mahogany Creek","run",41.5363493874852,-119.00002014848,0.19,0,84,0,"sand"
"265","Mahogany Creek","mid-channel",41.5362677450493,-119.000053593921,0.25,0,69,0,"gravel"
"266","Mahogany Creek","riffle",41.5362505750496,-119.000005116022,0.13,1,73,2,"sand"
"267","Mahogany Creek","mid-channel",41.5360694948317,-119.000059471179,0.21,0,91,0.25,"sand"
"268","Mahogany Creek","rapid",41.5361699748513,-118.999978657714,0.19,3,58,4,"sand"
"269","Mahogany Creek","scour_pool",41.5358301954601,-118.999836328326,0.21,2,94,0,"sand"
"270","Mahogany Creek","riffle",41.5358854574056,-118.999766108553,0.14,8,79,0.5,"sand"
"271","Mahogany Creek","scour_pool",41.5357165054221,-118.999641031574,0.16,1,79,0,"sand"
"272","Mahogany Creek","rapid",41.5357255073236,-118.999641308943,0.17,1,87,0,"cobble"
"273","Mahogany Creek","scour_pool",41.5356191517127,-118.999542135356,0.18,1,86,0,"sand"
"274","Mahogany Creek","rapid",41.5357370100164,-118.999497818303,0.15,1,80,0,"boulder"
"275","Mahogany Creek","plunge_pool",41.535585436381,-118.999409238897,0.23,0,61,0,"sand"
"276","Mahogany Creek","scour_pool",41.5302521900892,-118.974469711471,0.15,0,96,2,"sand"
"277","Mahogany Creek","run",41.5301816140105,-118.974383662086,0.14,0,98,2,"sand"
"278","Mahogany Creek","riffle",41.5302184452061,-118.974336838012,0.12,1,98,6.5,"sand"
"279","Mahogany Creek","mid-channel",41.530200646857,-118.974324310567,0.21,0,97,2.5,"sand"
"280","Mahogany Creek","scour_pool",41.5301640214176,-118.974359154813,0.39,0,94,3,"sand"
"281","Mahogany Creek","run",41.5301636099143,-118.974383114458,0.14,1,92,2.5,"sand"
"282","Mahogany Creek","mid-channel",41.5302192681894,-118.974288918679,0.2,2,99,2,"sand"
"283","Mahogany Creek","riffle",41.5301474575427,-118.974274748454,0.1,2,89,11.5,"gravel"
"284","Mahogany Creek","scour_pool",41.5300435475232,-118.97403186685,0.2,0,96,2,"sand"
"285","Mahogany Creek","run",41.5301247716904,-118.974022350912,0.08,1,87,8,"sand"
"286","Mahogany Creek","scour_pool",41.5301000283295,-118.973889751673,0.25,1,94,3.5,"sand"
"287","Mahogany Creek","run",41.5301274458826,-118.973866613269,0.19,1,85,8.5,"sand"
"288","Mahogany Creek","scour_pool",41.5301399446372,-118.973663230033,0.29,0,94,3,"sand"
"289","Mahogany Creek","run",41.530111910077,-118.973722307983,0.06,1,93,4,"sand"
"290","Mahogany Creek","scour_pool",41.5301646882594,-118.973795829278,0.16,1,99,2,"sand"
"291","Mahogany Creek","run",41.5301569203358,-118.973723676592,0.09,3,92,7.5,"sand"
"292","Mahogany Creek","mid-channel",41.5301372707198,-118.973818967725,0.17,0,83,3,"sand"
"293","Mahogany Creek","run",41.5301489466892,-118.973663503747,0.05,1,94,0,"sand"
"294","Mahogany Creek","mid-channel",41.5300523921522,-118.973516735214,0.13,0,92,0.75,"sand"
"295","Mahogany Creek","run",41.5300787813183,-118.973553495731,0.06,1,95,3,"sand"
"296","Mahogany Creek","scour_pool",41.5230058720532,-118.957374781678,0.21,0,91,3,"sand"
"297","Mahogany Creek","riffle",41.5229788655992,-118.957373967516,0.09,0,90,0.75,"sand"
"298","Mahogany Creek","mid-channel",41.5230136504658,-118.95744692482,0.13,1,93,1,"sand"
"299","Mahogany Creek","run",41.5229502274872,-118.957468982267,0.1,0,71,5,"sand"
"300","Mahogany Creek","riffle",41.5229410213735,-118.957480689479,0.13,0,88,14,"sand"
"301","Mahogany Creek","run",41.5228147872974,-118.957488868456,0.08,0,86,7,"sand"
"302","Mahogany Creek","riffle",41.5227879848073,-118.957476075669,0.2,0,76,2.8,"sand"
"303","Mahogany Creek","scour_pool",41.5227435859321,-118.957438782946,0.15,0,83,2,"sand"
"304","Mahogany Creek","riffle",41.522780002452,-118.957415911358,0.1,1,87,11.5,"cobble"
"305","Mahogany Creek","mid-channel",41.5226887571822,-118.957485068846,0.12,0,87,1.5,"sand"
"306","Mahogany Creek","riffle",41.5227157636357,-118.957485883046,0.08,0,92,7,"gravel"
"307","Mahogany Creek","scour_pool",41.5225809353283,-118.957469833512,0.19,1,73,1.25,"sand"
"308","Mahogany Creek","riffle",41.5225357206097,-118.957480455067,0.13,1,67,6,"sand"
"309","Mahogany Creek","plunge_pool",41.5223634559434,-118.957547169563,0.14,1,64,0.5,"sand"
"310","Mahogany Creek","run",41.5223636599108,-118.957535191058,0.08,2,87,9.7,"sand"
"311","Mahogany Creek","scour_pool",41.5223092390667,-118.957557519627,0.25,1,93,4,"sand"
"312","Mahogany Creek","run",41.5223010527806,-118.957509334248,0.14,1,81,14,"sand"
"313","Mahogany Creek","riffle",41.522256653907,-118.957472041796,0.13,1,86,8,"sand"
"314","Mahogany Creek","plunge_pool",41.522164796704,-118.957577134079,0.22,0,60,3,"sand"
"315","Mahogany Creek","sheet",41.5221371783333,-118.957612255245,0.06,0,88,1,"bedrock"
"316","Mahogany Creek","riffle",41.5320623653792,-118.995345192061,0.14,2,87,2.5,"sand"
"317","Mahogany Creek","scour_pool",41.5320609097389,-118.995429052201,0.23,1,89,0,"sand"
"318","Mahogany Creek","cascade",41.5321584752649,-118.995515956717,0.14,1,87,0,"sand"
"319","Mahogany Creek","plunge_pool",41.5321253788942,-118.99534712923,0.21,1,76,0,"sand"
"320","Mahogany Creek","cascade",41.532009393498,-118.995283631581,0.12,0,78,0,"sand"
"321","Mahogany Creek","plunge_pool",41.5320175636685,-118.99533182836,0.28,0,92,0,"sand"
"322","Mahogany Creek","cascade",41.5319560057167,-118.995246031205,0.24,0,96,0,"sand"
"323","Mahogany Creek","plunge_pool",41.531937378048,-118.995281417753,0.42,1,97,0,"sand"
"324","Mahogany Creek","rapid",41.5320112648862,-118.995175811475,0.16,0,62,0,"sand"
"325","Mahogany Creek","riffle",41.5319396652807,-118.995149637768,0.16,0,53,0,"sand"
"326","Mahogany Creek","debris_pool",41.5317962581275,-118.99510927051,0.18,0,61,0,"sand"
"327","Mahogany Creek","mid-channel",41.5318973585147,-118.994992514327,0.26,0,41,0,"sand"
"328","Mahogany Creek","riffle",41.5317422465324,-118.995107610296,0.08,0,55,0,"sand"
"329","Mahogany Creek","mid-channel",41.5316989001724,-118.995010387145,0.22,2,44,0,"sand"
"330","Mahogany Creek","riffle",41.5317359474302,-118.994951594084,0.09,2,69,0,"sand"
"331","Mahogany Creek","run",41.5318194595709,-118.994810324465,0.17,1,51,0.5,"sand"
"332","Mahogany Creek","riffle",41.5318650928992,-118.99477576781,0.08,1,92,19,"sand"
"333","Mahogany Creek","run",41.5318659244257,-118.994727847856,0.14,3,94,6,"sand"
"334","Mahogany Creek","riffle",41.5317051368482,-118.994650988411,0.04,1,83,0,"sand"
"335","Mahogany Creek","mid-channel",41.5318043660044,-118.994642051462,0.14,1,92,0,"sand"
"336","Mahogany Creek","cascade",41.5088979470729,-118.95545185148,0.14,1,87,2,"sand"
"337","Mahogany Creek","rapid",41.5089441801482,-118.95538135014,0.13,3,88,14,"sand"
"338","Mahogany Creek","riffle",41.5087637290854,-118.955399882641,0.1,3,86,12,"sand"
"339","Mahogany Creek","plunge_pool",41.508556271463,-118.955417602121,0.15,1,88,0,"sand"
"340","Mahogany Creek","rapid",41.5085656810277,-118.955393921147,0.12,6,95,7,"sand"
"341","Mahogany Creek","mid-channel",41.5083482027509,-118.955471249322,0.15,0,97,0,"sand"
"342","Mahogany Creek","rapid",41.5083387931719,-118.955494930206,0.12,16,89,8,"sand"
"343","Mahogany Creek","scour_pool",41.5080407025801,-118.955545867081,0.13,1,86,1,"sand"
"344","Mahogany Creek","rapid",41.5079862820653,-118.955568192871,0.11,0,98,3,"sand"
"345","Mahogany Creek","mid-channel",41.5080239204031,-118.955473469844,0.12,0,94,0.5,"sand"
"346","Mahogany Creek","rapid",41.5079782983882,-118.955508042541,0.1,14,85,10,"sand"
"347","Mahogany Creek","riffle",41.5075623645559,-118.955603359438,0.09,1,70,0,"sand"
"348","Mahogany Creek","rapid",41.5075709593251,-118.955627582017,0.09,12,77,8,"sand"
"349","Mahogany Creek","mid-channel",41.5068714369034,-118.955450760885,0.1,0,86,2,"sand"
"350","Mahogany Creek","plunge_pool",41.5057040038594,-118.955247879873,0.15,0,93,1.44,"sand"
"351","Mahogany Creek","rapid",41.5065962389094,-118.955214824293,0.05,4,94,16.5,"sand"
"352","Mahogany Creek","rapid",41.4794001488758,-118.954420841377,0.09,13,94,22,"sand"
"353","Mahogany Creek","plunge_pool",41.506083521445,-118.955175430323,0.12,1,88,1.44,"sand"
"354","Mahogany Creek","mid-channel",41.5162315597442,-118.95744621275,0.14,0,80,2,"sand"
"355","Mahogany Creek","rapid",41.5161773428413,-118.95745656212,0.1,2,74,19,"sand"
"356","Mahogany Creek","mid-channel",41.5160177510343,-118.957307950102,0.13,0,71,1,"sand"
"357","Mahogany Creek","rapid",41.5160177510343,-118.957307950102,0.13,1,72,3,"sand"
"358","Mahogany Creek","mid-channel",41.515973759793,-118.957246706902,0.13,0,83,0,"sand"
"359","Mahogany Creek","rapid",41.5159473650316,-118.957209961023,0.09,1,90,3,"sand"
"360","Mahogany Creek","riffle",41.5159211741604,-118.957161237853,0.08,1,96,3,"sand"
"361","Mahogany Creek","scour_pool",41.5157853260904,-118.957205077687,0.15,1,76,0.5,"sand"
"362","Mahogany Creek","riffle",41.515783694801,-118.957300896038,0.06,4,84,2,"sand"
"363","Mahogany Creek","scour_pool",41.5153845104101,-118.956941347883,0.16,1,93,1,"sand"
"364","Mahogany Creek","riffle",41.5153851220359,-118.956905416216,0.11,0,86,5.5,"sand"
"365","Mahogany Creek","run",41.5151885014583,-118.95681560844,0.13,0,85,0.5,"sand"
"366","Mahogany Creek","riffle",41.5152705402604,-118.956758163554,0.1,3,85,10,"sand"
"367","Mahogany Creek","scour_pool",41.5149562798261,-118.956700762054,0.13,1,87,0.75,"sand"
"368","Mahogany Creek","rapid",41.5149478892038,-118.956664559406,0.09,0,71,0,"sand"
"369","Mahogany Creek","mid-channel",41.5149476853566,-118.95667653655,0.16,0,83,1,"sand"
"370","Mahogany Creek","rapid",41.514902674518,-118.956675180481,0.09,3,86,13,"sand"
"371","Mahogany Creek","riffle",41.5145990468587,-118.956522234337,0.08,3,65,6,"sand"
"372","Mahogany Creek","scour_pool",41.514453177637,-118.956625688804,0.12,1,87,1.5,"sand"
"373","Mahogany Creek","rapid",41.5144992076693,-118.95656715951,0.11,5,90,7,"sand"
"374","Mahogany Creek","riffle",41.5250121190586,-119.061585762101,0.08,0,12,1,"sand"
"375","Mahogany Creek","run",41.5250309814541,-119.061538420874,0.14,0,20,3.5,"sand"
"376","Mahogany Creek","riffle",41.5250140523431,-119.06147795804,0.11,0,10,2,"sand"
"377","Mahogany Creek","mid-channel",41.5250425606595,-119.061394967901,0.2,0,16,1.5,"sand"
"378","Mahogany Creek","run",41.5250695653799,-119.061395825375,0.16,0,13,0,"sand"
"379","Mahogany Creek","riffle",41.5251055716736,-119.061396968675,0.11,0,10,2,"sand"
"380","Mahogany Creek","run",41.5251244339938,-119.061349627322,0.2,0,17,0,"sand"
"381","Mahogany Creek","riffle",41.5251713749321,-119.06124325208,0.13,0,17,1.5,"sand"
"382","Mahogany Creek","run",41.5251810208408,-119.061207603098,0.14,0,13,0,"sand"
"383","Mahogany Creek","riffle",41.5252080255637,-119.061208460497,0.09,0,33,0.5,"sand"
"384","Mahogany Creek","run",41.5252084551143,-119.061184503962,0.2,0,11,0,"sand"
"385","Mahogany Creek","riffle",41.5253042693203,-119.060863948214,0.12,0,15,0,"sand"
"386","Mahogany Creek","run",41.5253370543646,-119.061044765629,0.12,0,10,0,"sand"
"387","Mahogany Creek","mid-channel",41.5253651328751,-119.060985731477,0.18,0,5,0,"sand"
"388","Mahogany Creek","riffle",41.525365991881,-119.060937818284,0.1,0,11,0,"sand"
"389","Mahogany Creek","run",41.5253572050537,-119.060925554223,0.2,0,3,0,"sand"
"390","Mahogany Creek","riffle",41.5253422082458,-119.060757286573,0.17,0,8,0,"sand"
"391","Mahogany Creek","scour_pool",41.5253428524305,-119.060721351686,0.18,0,3,0,"sand"
"392","Mahogany Creek","run",41.5253077050174,-119.060672295593,0.24,0,7,0,"sand"
"393","Mahogany Creek","mid-channel",41.5252734164353,-119.060575326417,0.23,0,4,0,"sand"
"394","Mahogany Creek","mid-channel",41.5093414983616,-118.955321416551,0.11,0,91,0.88,"sand"
"395","Mahogany Creek","mid-channel",41.5094767348013,-118.955313505014,0.09,1,87,1.55,"sand"
"396","Mahogany Creek","rapid",41.5094227216993,-118.955311879177,0.06,4,53,17,"sand"
"397","Mahogany Creek","scour_pool",41.5093259381152,-118.955177161195,0.08,0,77,0.84,"sand"
"398","Mahogany Creek","rapid",41.5092725360085,-118.955139607155,0.07,2,73,3.5,"sand"
"399","Mahogany Creek","mid-channel",41.5093731893282,-118.955046778562,0.06,0,62,0.8,"sand"
"400","Mahogany Creek","rapid",41.5093394207239,-118.954913957481,0.06,0,88,3,"sand"
"401","Mahogany Creek","run",41.5092575864741,-118.954959423667,0.07,1,84,2.1,"sand"
"402","Mahogany Creek","rapid",41.5092753871987,-118.954971941622,0.06,1,89,0,"sand"
"403","Mahogany Creek","mid-channel",41.5092504170543,-118.95485136779,0.07,1,94,1.7,"sand"
"404","Mahogany Creek","riffle",41.5092858148884,-118.954888379759,0.04,5,83,4,"sand"
"405","Mahogany Creek","mid-channel",41.5092690323271,-118.954815981274,0.1,1,86,0.9,"sand"
"406","Mahogany Creek","mid-channel",41.5093236563365,-118.954781678329,0.14,1,90,0.9,"sand"
"407","Mahogany Creek","rapid",41.5092309872063,-118.954934658697,0.05,1,94,0,"sand"
"408","Mahogany Creek","rapid",41.509333065777,-118.954757996982,0.06,1,80,0,"sand"
"409","Mahogany Creek","mid-channel",41.5092710685794,-118.954696220165,0.1,0,90,0.5,"sand"
"410","Mahogany Creek","rapid",41.5092714758149,-118.954672267942,0.06,0,90,0.5,"sand"
"411","Mahogany Creek","scour_pool",41.5094631686731,-118.954522266583,0.14,0,91,1,"sand"
"412","Mahogany Creek","mid-channel",41.5093267106177,-118.954602036505,0.12,0,100,0.75,"sand"
