survey date,Reach #,Stream Name,Seq. Ord,Channel Unit and Type,dominantSizeClass_LB,dominantSizeClass_RB,understoryVeg_%NV_LB,understoryVeg_%GF_LB,understoryVeg_%SR_LB,,,understoryVeg_%NV_RB,understoryVeg_%GF_RB,understoryVeg_%SR_RB,,,overstoryVeg_%SB_LB,overstoryVeg_%HW_LB,overstoryVeg_%HQ_LB,overstoryVeg_%WS_LB,,,overstoryVeg_%SB_RB,overstoryVeg_%HW_RB,overstoryVeg_%HQ_RB,overstoryVeg_%WS_RB,,,LWD_small,LWD_med,LWD_large,root_debris,riparian_shade,total_shade,fish_present,undercut_LB_m,undercut_RB_m,Sand,Gravel,Cobble,Boulder,Bedrock,Images,Camera,Comments,QAQC: Proofed? (All except photo #s and comments.)
6/16/2015,MC1-116,Mahogany Creek,1,SSLS1,SS,GF,4,30,66,,,1,19,80,,,10,0,0,0,,,0,0,0,0,,,0,0,0,0,23,23,Y,3.50,0.00,60,40,0,0,0,0834-0837,,UNR camera,Y
6/16/2015,MC1-116,Mahogany Creek,2,FNRN1,SS,GF,7,53,40,,,1,19,80,,,8,0,0,0,,,0,0,0,0,,,0,0,0,0,5,5,Y,0.00,0.00,70,30,0,0,0,0838-0841,,,Y
6/16/2015,MC1-116,Mahogany Creek,3,SSMC2,SS,GF,10,30,60,,,1,14,85,,,0,0,0,0,,,0,0,0,0,,,0,0,0,0,13,13,N,0.00,1.40,70,30,0,0,0,084-0845,,,Y
6/16/2015,MC1-116,Mahogany Creek,4,FNRN2,SS,GF,15,30,55,,,1,20,79,,,10,0,0,0,,,0,0,0,0,,,0,0,0,0,3,3,N,3.75,0.00,60,40,0,0,0,0846-0849,,,Y
6/16/2015,MC1-116,Mahogany Creek,5,FTRF3,SS,GF,10,15,75,,,1,59,40,,,5,0,0,0,,,0,0,0,0,,,0,0,0,0,18,18,N,0.00,0.36,50,45,5,0,0,0850-0853,,,Y
6/16/2015,MC1-116,Mahogany Creek,6,FNRN4,GF,GF,10,15,75,,,3,87,10,,,0,0,0,0,,,0,0,0,0,,,0,0,0,0,24,24,N,0.00,1.63,60,38,2,0,0,0854-0857,,Dominant size class includes small meander bend and some meadow- not full 30 m through.,Y
6/16/2015,MC1-116,Mahogany Creek,7,FTRF5,GF,GF,5,45,50,,,0,30,70,,,1,0,0,0,,,0,0,0,0,,,0,0,0,0,7,7,N,0.45,0.00,50,45,5,0,0,"0859, 0861-0863",,,Y
6/16/2015,MC1-116,Mahogany Creek,8,SSLS3,SS,GF,25,40,35,,,2,85,13,,,30,0,0,0,,,0,0,0,0,,,0,0,0,0,23,23,N,1.30,0.00,65,33,2,0,0,0864-0867,,,Y
6/16/2015,MC1-116,Mahogany Creek,9,FNRN6,SS,GF,25,45,30,,,0,90,10,,,35,0,0,0,,,0,0,0,0,,,0,0,0,0,17,17,N,8.50,0.00,70,30,0,0,0,0868-0871,,,Y
6/16/2015,MC1-116,Mahogany Creek,10,SSLS4,SS,GF,1,55,44,,,0,95,5,,,0,0,0,0,,,0,0,0,0,,,0,0,0,0,15,15,N,0.00,2.50,70,28,2,0,0,0872-0875,,,Y
6/16/2015,MC1-116,Mahogany Creek,11,FNRN7,SS,GF,1,39,60,,,2,78,20,,,0,0,0,0,,,0,0,0,0,,,0,0,0,0,25,25,N,3.50,2.00,55,45,0,0,0,0876-0879,,mussels,Y
6/16/2015,MC1-116,Mahogany Creek,12,SSLS5,SS,GF,0,85,15,,,1,65,34,,,0,0,0,0,,,0,0,0,0,,,0,0,0,0,29,29,N,6.50,0.00,70,30,0,0,0,0880-0883,,mussels,Y
6/16/2015,MC1-116,Mahogany Creek,13,FNRN8,SS,GF,0,85,15,,,1,69,30,,,0,0,0,0,,,0,0,0,0,,,0,0,0,0,23,23,N,0.00,0.00,50,50,0,0,0,0884-0887,,,Y
6/16/2015,MC1-116,Mahogany Creek,14,FNRN9,SS,GF,0,85,15,,,0,40,60,,,0,0,0,0,,,0,0,0,0,,,0,0,0,0,4,4,N,3.00,0.00,60,40,0,0,0,0888-0891,,,Y
6/17/2015,MC1-116,Mahogany Creek,15,SSLS6,GF,GF,0,40,60,,,1,25,74,,,0,0,0,0,,,0,0,0,0,,,0,0,0,0,21,21,N,0.00,2.50,60,40,0,0,0,1014-1017,,James' camera,Y
6/17/2015,MC1-116,Mahogany Creek,16,FNRN10,SS,GF,0,40,60,,,0,65,35,,,0,0,0,0,,,0,0,0,0,,,0,0,0,0,30,30,N,0.00,0.80,60,40,0,0,0,1018-1021,,mussles,Y
6/17/2015,MC1-116,Mahogany Creek,17,SSLS7,SS,GF,0,70,30,,,0,95,5,,,0,0,0,0,,,0,0,0,0,,,0,0,0,0,17,17,N,0.50,0.00,80,20,0,0,0,1022-1025,,,Y
6/17/2015,MC1-116,Mahogany Creek,18,FNRN11,SS,GF,3,77,20,,,0,95,5,,,1,0,0,0,,,0,0,0,0,,,0,0,0,0,8,8,N,2.30,0.00,60,40,0,0,0,1026-1029,,,Y
6/17/2015,MC1-116,Mahogany Creek,19,SSMC8,SS,GF,10,85,5,,,0,80,20,,,55,0,0,0,,,0,0,0,0,,,0,0,0,0,14,14,N,5.50,0.00,70,30,0,0,0,1030-1033,,,Y
6/17/2015,MC1-116,Mahogany Creek,20,FNRN12,SS,GF,20,75,5,,,0,50,50,,,30,0,0,0,,,0,0,0,0,,,0,0,0,0,28,28,N,0.00,0.00,70,29,1,0,0,1034-1037,,,Y
6/17/2015,MC1-206,Mahogany Creek,31,SSLS1,GF,GF,1,65,34,,,50,45,5,,,0,0,0,0,,,0,0,0,0,,,0,0,0,0,28,28,Y,1.80,2.25,85,15,0,0,0,2919-2922,,SLPT CAMERA,Y
6/17/2015,MC1-206,Mahogany Creek,32,FNRN1,GF,GF,1,63,36,,,70,25,5,,,0,0,0,0,,,0,0,0,0,,,0,0,0,0,13,13,N,6.00,0.80,80,20,0,0,0,2923-2926,,,Y
6/17/2015,MC1-206,Mahogany Creek,33,FNRN2,GF,GF,75,22,3,,,45,50,5,,,3,5,0,2,,,0,15,0,0,,,0,0,0,0,21,21,N,10.00,8.50,75,25,0,0,0,2927-2930,,,Y
6/17/2015,MC1-206,Mahogany Creek,34,SSMC2,SS,GF,50,45,5,,,60,37,3,,,0,55,0,0,,,0,0,0,0,,,0,0,0,0,28,28,N,1.20,1.00,70,30,0,0,0,2931-2934,,Late seral stage willows,Y
6/17/2015,MC1-206,Mahogany Creek,35,FNRN3,SS,GF,50,45,5,,,65,30,5,,,0,45,0,0,,,0,0,0,0,,,0,0,0,0,34,34,N,8.00,3.00,75,25,0,0,0,2935-2938,,,Y
6/17/2015,MC1-206,Mahogany Creek,36,SSLS3,SS,GF,40,50,10,,,60,38,2,,,0,30,0,5,,,0,0,0,0,,,0,0,0,0,26,26,N,0.00,1.00,70,30,0,0,0,2939-2942,,,Y
6/17/2015,MC1-206,Mahogany Creek,37,FNRN4,SS,GF,30,67,3,,,65,32,3,,,0,50,0,20,,,0,0,0,0,,,0,0,0,0,81,81,N,0.00,0.00,60,40,0,0,0,2943-2946,,,Y
6/17/2015,MC1-206,Mahogany Creek,38,SSMC4,SS,GF,60,35,5,,,70,30,0,,,0,0,0,90,,,0,0,0,5,,,0,0,0,0,86,86,N,0.00,0.50,75,25,0,0,0,2947-2950,,,Y
6/17/2015,MC1-206,Mahogany Creek,39,FNRN5,SS,GF,65,30,5,,,70,25,5,,,0,75,0,0,,,0,0,0,0,,,0,0,0,0,92,92,Y,0.60,2.50,75,25,0,0,0,2952-2955,,,Y
6/17/2015,MC1-206,Mahogany Creek,40,FTRF6,SS,GF,60,37,3,,,60,35,5,,,5,40,0,5,,,0,0,0,0,,,0,0,0,0,12,12,Y,7.90,2.50,50,45,5,0,0,2956-2961,,Lots of hoary cress. Voles in banks.,Y
6/17/2015,MC1-206,Mahogany Creek,41,SSMC5,GF,GF,45,50,5,,,30,10,60,,,15,0,0,10,,,0,0,0,0,,,0,0,0,0,1,1,Y,0.00,0.00,60,35,5,0,0,1038-1041,,James' camera. Minnows.,Y
6/17/2015,MC1-206,Mahogany Creek,42,SSPL6,SS,GF,20,75,5,,,10,35,55,,,20,0,0,15,,,0,5,0,0,,,0,1,0,0,79,79,Y,0.00,0.00,73,25,2,0,0,1042-1045,,Minnows.,Y
6/17/2015,MC1-206,Mahogany Creek,43,ARTIF1,GF,GF,50,48,2,,,25,60,15,,,30,0,0,1,,,0,3,0,3,,,0,0,0,0,1,1,N,0.00,0.00,88,12,0,0,0,1046-1049,,,Y
6/17/2015,MC1-206,Mahogany Creek,44,FTRF7,GF,GF,25,73,2,,,45,50,5,,,1,0,0,0,,,0,20,0,10,,,0,0,0,0,18,18,Y,2.00,0.00,59,40,1,0,0,1050-1053,,,Y
6/17/2015,MC1-206,Mahogany Creek,45,SSLS7,GF,GF,25,73,2,,,90,4,6,,,0,0,0,15,,,0,60,0,30,,,0,0,0,0,48,48,N,0.00,4.50,60,35,0,0,0,1054-1057,,,Y
6/17/2015,MC1-206,Mahogany Creek,46,FTRF8,GF,GF,40,57,3,,,50,45,5,,,5,1,0,0,,,0,20,0,10,,,0,0,0,0,1,1,N,4.00,0.00,50,48,2,0,0,1058-1061,,,Y
6/17/2015,MC1-206,Mahogany Creek,47,SSMC8,SS,GF,45,48,7,,,55,40,5,,,3,0,0,0,,,0,0,0,0,,,0,0,0,0,1,1,Y,2.10,0.00,50,49,1,0,0,1062-1065,,,Y
6/17/2015,MC1-206,Mahogany Creek,48,FTRF9,SS,GF,40,50,10,,,40,59,1,,,10,0,0,0,,,0,0,0,8,,,0,0,0,0,34,34,N,0.33,0.00,28,70,2,0,0,1066-1069,,,Y
6/17/2015,MC1-206,Mahogany Creek,49,SSMC9,SS,GF,40,58,2,,,50,48,2,,,20,0,0,0,,,0,0,0,3,,,0,0,0,0,5,5,N,2.50,0.00,660,35,5,0,0,1070-1073,,,Y
6/17/2015,MC1-206,Mahogany Creek,50,FNRN10,SS,GF,30,70,0,,,40,57,3,,,20,0,0,0,,,0,0,0,1,,,0,0,0,0,54,54,N,0.40,0.00,60,49,1,0,0,1074-1077,,,Y
6/18/2015,MC2-257,Mahogany Creek,61,FNRN1,GF,SS,25,60,15,,,5,70,25,,,0,15,0,5,,,0,40,0,50,,,1,0,0,0,12,12,N,7.10,0.00,80,20,0,0,0,1079-1082,,,Y
6/18/2015,MC2-257,Mahogany Creek,62,FTRF2,GF,SS,15,70,15,,,5,70,25,,,0,5,0,15,,,0,50,0,35,,,0,0,0,0,33,33,N,0.00,0.00,70,30,0,0,0,1083-1086,,,Y
6/18/2015,MC2-257,Mahogany Creek,63,FNRN3,GF,SS,15,75,10,,,5,85,10,,,0,20,0,15,,,0,50,0,35,,,0,2,0,1,76,76,N,2.30,2.00,70,30,0,0,0,1087-1080,,Dead willow over stream.,Y
6/18/2015,MC2-257,Mahogany Creek,64,FTRF4,GF,SS,15,80,5,,,15,75,10,,,5,0,0,10,,,0,60,0,20,,,0,3,0,2,71,71,N,6.00,0.00,80,20,0,0,0,1091-1094,,,Y
6/18/2015,MC2-257,Mahogany Creek,65,SSMC1,SS,SS,60,15,25,,,60,15,25,,,0,60,0,10,,,0,45,0,30,,,0,0,0,0,35,35,N,0.00,2.80,85,15,0,0,0,1095-1098,,,Y
6/18/2015,MC2-257,Mahogany Creek,66,FTRF5,GF,SS,15,65,20,,,5,45,50,,,8,8,0,30,,,0,15,0,30,,,0,0,0,2,81,81,N,0.00,6.00,80,20,0,0,0,1099-1102,,Mussels.,Y
6/18/2015,MC2-257,Mahogany Creek,67,SDDD2,GF,SS,20,75,5,,,50,10,40,,,0,5,0,30,,,0,90,0,45,,,2,0,0,0,79,79,N,0.00,2.50,80,20,0,0,0,1103-1106,,Old dead sagebrush (some look burnt) on left bank. Mussels.,Y
6/18/2015,MC2-257,Mahogany Creek,68,FTRF6,GF,SS,40,59,1,,,10,45,45,,,5,2,0,25,,,0,3,0,85,,,1,0,0,1,0,0,N,5.00,0.00,50,43,5,2,0,1107-1110,,"Dead, burned sagebrush and rose on left bank. Most of unit is shaded. One huge willow with tons of branches throughout unit.",Y
6/18/2015,MC2-257,Mahogany Creek,69,SSLS3,GF,SS,15,40,45,,,35,30,35,,,3,2,0,1,,,0,7,0,90,,,0,0,0,1,56,56,Y,0.00,2.50,85,13,2,0,0,1115-1118,,Young willows on right bank. Big willow with lots of branches in water.,Y
6/18/2015,MC2-257,Mahogany Creek,70,FTRF7,GF,SS,20,79,1,,,15,40,45,,,2,15,0,8,,,0,0,0,80,,,0,0,0,0,50,50,N,3.20,0.00,45,52,3,0,0,1119-1122,,Dead sagebrush on left bank.,Y
6/18/2015,MC2-257,Mahogany Creek,71,SSLS4,GF,SS,5,94,1,,,0,99,1,,,0,25,0,5,,,0,90,0,10,,,0,0,0,0,50,50,N,4.50,0.00,80,19,1,0,0,2962-2967,,,Y
6/18/2015,MC2-257,Mahogany Creek,72,FNRN8,SS,SS,10,88,2,,,0,97,3,,,5,30,0,30,,,1,80,0,10,,,0,0,0,0,37,37,Y,8.00,9.50,78,20,2,0,0,2968-2971,,LCT female 550 mm FL. Couldn't take right to left bank photo - overgrown.,Y
6/18/2015,MC2-257,Mahogany Creek,73,FTRF9,SS,SS,3,97,0,,,2,97,1,,,10,70,0,5,,,5,60,0,30,,,0,0,0,0,38,38,N,2.50,0.00,40,44,15,1,0,2972-2975,,,Y
6/18/2015,MC2-257,Mahogany Creek,74,FNRN10,SS,SS,15,84,1,,,2,98,0,,,20,70,0,20,,,0,90,0,10,,,0,0,0,0,44,44,N,8.00,0.00,50,44,5,1,0,2976-2979,,,Y
6/18/2015,MC2-257,Mahogany Creek,75,FTRF11,SS,SS,20,79,1,,,0,93,7,,,40,30,0,10,,,5,20,0,30,,,0,0,0,2,52,52,N,2.00,0.00,60,37,2,1,0,2980-2983,,Fish carcass in unit.,Y
6/18/2015,MC2-257,Mahogany Creek,76,SSMC5,SS,SS,30,69,1,,,0,100,0,,,10,25,0,10,,,12,40,0,30,,,0,0,0,1,37,37,Y,1.00,2.50,65,35,0,0,0,2984-2987,,LCT-small. LCT carcass.,Y
6/18/2015,MC2-257,Mahogany Creek,77,FNRN12,SS,SS,30,70,0,,,3,95,2,,,25,15,0,5,,,20,20,0,40,,,0,0,0,2,21,21,N,0.00,6.50,70,30,0,0,0,2988-2991,,,Y
6/18/2015,MC2-257,Mahogany Creek,78,SDDD6,SS,SS,30,70,0,,,10,87,3,,,30,5,0,30,,,25,30,0,25,,,0,0,0,0,90,90,Y,0.00,0.00,80,20,0,0,0,2992-2995,,"1 LCT carass - female, 510 mm.",Y
6/18/2015,MC2-257,Mahogany Creek,79,SSLS7,SS,SS,20,80,0,,,10,90,0,,,40,15,0,10,,,10,15,0,20,,,0,0,0,1,60,60,N,0.00,1.50,75,25,0,0,0,2996-3000,,,Y
6/18/2015,MC2-257,Mahogany Creek,80,FTRF13,SS,SS,20,80,0,,,15,85,0,,,15,20,0,5,,,10,10,0,15,,,0,0,0,2,50,90,N,0.00,1.00,75,25,0,0,0,3001-3005,,,Y
6/19/2015,MC3-380,Mahogany Creek,121,SSMC1,SS,GF,30,40,30,,,1,90,9,,,0,0,60,80,,,0,80,0,5,,,1,0,0,1,82,83,N,6.00,0.00,85,15,0,0,0,1127-1130,James,NV is from overstory or fallen trees. Fish presence on this sheet based on survey 6/19/2015; fish presence noted in comments form based on observations from the day before (6/18/2015).,Y
6/19/2015,MC3-380,Mahogany Creek,122,SSLS2,SS,GF,30,40,30,,,1,90,9,,,0,0,75,75,,,0,80,0,5,,,0,0,0,0,93,93,N,0.50,1.75,85,15,0,0,0,1131-1134,James,NV is from overstory or fallen trees.,Y
6/19/2015,MC3-380,Mahogany Creek,123,FTRF1,SS,GF,40,45,15,,,2,97,1,,,0,10,60,90,,,0,2,2,0,,,0,0,0,1,97,97,Y,7.00,1.85,70,27,3,0,0,1135-1138,James,NV is from overstory or fallen trees.,Y
6/19/2015,MC3-380,Mahogany Creek,124,SSLS3,GF,GF,10,65,25,,,1,98,1,,,0,0,60,10,,,0,0,5,0,,,0,0,0,0,97,97,Y,1.50,3.00,70,29,1,0,0,1139-1142,James,,Y
6/19/2015,MC3-380,Mahogany Creek,125,FTRF2,SS,SS,15,80,5,,,20,65,15,,,0,5,75,90,,,1,10,80,90,,,1,0,0,3,100,100,N,0.00,17.00,65,32,2,1,0,1143-1146,James,,Y
6/19/2015,MC3-380,Mahogany Creek,126,SSMC4,SS,SS,10,89,1,,,50,45,5,,,0,0,70,40,,,5,40,60,75,,,0,0,0,1,97,97,Y,0.00,2.70,90,10,0,0,0,1147-1150,James,NV is from overstory veg cover.,Y
6/19/2015,MC3-380,Mahogany Creek,127,FTRF3,SS,SS,10,89,1,,,40,55,5,,,0,5,75,40,,,5,5,60,60,,,0,0,0,0,90,91,N,0.00,2.00,50,50,0,0,0,1151-1154,James,,Y
6/19/2015,MC3-380,Mahogany Creek,128,SSLS5,SS,SS,20,75,5,,,35,64,1,,,0,20,70,40,,,5,0,25,80,,,0,0,0,0,81,81,Y,0.00,3.25,90,9,1,0,0,1155-1158,James,,Y
6/19/2015,MC3-380,Mahogany Creek,129,FTRF4,SS,SS,15,80,5,,,50,50,0,,,0,20,70,40,,,40,0,1,30,,,0,0,0,0,92,92,N,0.00,3.00,50,49,1,0,0,1159-1162,James,,Y
6/19/2015,MC3-380,Mahogany Creek,130,SSLS6,SS,SS,10,85,5,,,45,50,5,,,0,10,70,30,,,35,25,3,20,,,0,0,0,0,87,87,N,4.00,3.50,85,15,0,0,0,1163-1166,James,,Y
6/19/2015,MC3-380,Mahogany Creek,131,FTRF5,ST,SS,20,75,5,,,30,58,12,,,0,2,85,15,,,0,40,30,35,,,1,0,0,0,90,92,N,0.00,0.00,78,20,2,0,0,3010-3013,SLPT,,Y
6/19/2015,MC3-380,Mahogany Creek,132,SSMC7,SS,SS,70,27,3,,,37,60,3,,,0,25,70,5,,,0,5,75,12,,,0,0,1,0,93,95,Y,0.00,0.65,95,5,0,0,0,3014-3017,SLPT,,Y
6/19/2015,MC3-380,Mahogany Creek,133,FTRF6,SP,SS,80,19,1,,,35,64,1,,,0,20,60,70,,,5,40,15,12,,,2,0,0,4,69,69,N,2.70,4.80,85,13,0,2,0,3018-3021,SLPT,Boulder stabilizing section of right bank.,Y
6/19/2015,MC3-380,Mahogany Creek,134,SSLS8,SP,SS,65,34,1,,,40,59,1,,,0,0,45,60,,,10,40,0,25,,,0,1,0,0,93,93,N,3.60,0.00,95,5,0,0,0,3021-3024,SLPT,Missing a picture?,Y
6/19/2015,MC3-380,Mahogany Creek,135,FTRF7,SP,SS,70,30,0,,,42,57,1,,,0,40,20,10,,,15,25,0,40,,,0,0,0,1,81,81,N,3.50,0.00,75,15,6,4,0,3025-3028,SLPT,"Photos: upstream, left bank, downstream",Y
6/19/2015,MC3-380,Mahogany Creek,136,FNRN8,SS,SS,80,20,0,,,40,59,1,,,0,50,80,1,,,20,5,25,30,,,0,0,0,0,93,93,N,0.00,0.00,65,30,5,0,0,3029-3023,SLPT,2 photos upstream,Y
6/19/2015,MC3-380,Mahogany Creek,137,FTRF9,SS,SP,80,20,0,,,33,66,1,,,0,35,68,18,,,0,5,70,10,,,0,0,0,5,92,92,N,4.00,10.50,65,29,5,1,0,3034-3038,SLPT,,Y
6/19/2015,MC3-380,Mahogany Creek,138,SSLS9,SS,SS,70,30,0,,,75,25,0,,,0,0,75,80,,,0,35,3,60,,,0,0,0,0,81,81,N,0.30,0.00,90,10,0,0,0,3039-3042,SLPT,,Y
6/19/2015,MC3-380,Mahogany Creek,139,FTRF10,SS,SS,58,41,1,,,69,30,1,,,0,5,75,80,,,0,20,50,80,,,0,0,0,0,83,83,N,4.00,0.00,70,18,10,2,0,3043-3046,SLPT,,Y
6/19/2015,MC3-380,Mahogany Creek,140,FNRN11,SS,SS,45,53,2,,,53,46,1,,,0,3,65,70,,,2,20,57,55,,,1,0,0,2,79,79,Y,0.00,7.30,73,25,2,0,0,3047-3050,SLPT,,Y
6/23/2015,MC5-501,Mahogany Creek,211,SSLS1,SS,ST,2,98,0,,,5,94,1,,,50,0,0,0,,,4,5,65,4,,,0,0,0,1,27,27,Y,0.00,6.00,70,30,0,0,0,3084-3087,SLPT,NV from littler on RB.,Y
6/23/2015,MC5-501,Mahogany Creek,212,FTRF1,SS,ST,15,84,1,,,5,90,5,,,65,10,0,0,,,0,25,65,1,,,0,0,0,1,90,90,N,5.00,1.00,50,50,0,0,0,3088-3091,SLPT,,Y
6/23/2015,MC5-501,Mahogany Creek,213,SSLS2,SS,ST,20,79,1,,,25,74,1,,,70,25,0,0,,,0,0,65,1,,,0,0,0,0,92,92,N,0.00,3.50,50,50,0,0,0,3092-3096,SLPT,,Y
6/23/2015,MC5-501,Mahogany Creek,214,FTRF2,SS,ST,20,79,1,,,20,79,1,,,65,20,0,1,,,0,0,60,15,,,0,0,0,1,92,92,N,0.00,6.50,45,55,0,0,0,3097-3102,SLPT,,Y
6/23/2015,MC5-501,Mahogany Creek,215,SSLS3,SS,ST,25,70,5,,,10,40,50,,,30,40,0,1,,,0,35,40,0,,,0,0,0,1,55,55,N,0.50,0.27,70,30,0,0,0,3103-3106,SLPT,,Y
6/23/2015,MC5-501,Mahogany Creek,216,FTRF3,SS,ST,15,65,20,,,15,80,5,,,40,60,0,0,,,0,45,30,5,,,0,0,0,2,99,99,N,3.25,0.00,60,40,0,0,0,3107-3110,SLPT,,Y
6/24/2015,MC5-501,Mahogany Creek,217,SSLS4,SS,ST,5,94,1,,,10,89,1,,,20,20,0,1,,,0,5,80,50,,,1,0,0,1,63,63,N,1.55,4.60,75,25,0,0,0,3111-3114,SLPT,,Y
6/24/2015,MC5-501,Mahogany Creek,218,FTRF4,SS,ST,20,79,1,,,20,79,1,,,50,10,0,5,,,0,20,90,60,,,0,0,0,0,92,92,N,8.00,0.00,60,40,0,0,0,3115-3118,SLPT,,Y
6/24/2015,MC5-501,Mahogany Creek,219,FNRN5,SS,ST,20,79,1,,,20,79,1,,,60,39,0,1,,,0,20,90,60,,,1,0,0,2,93,93,N,0.00,3.00,70,30,0,0,0,3119-3122,SLPT,,Y
6/24/2015,MC5-501,Mahogany Creek,220,SSLS5,SS,ST,15,84,1,,,20,75,5,,,80,20,0,0,,,0,50,80,50,,,0,0,0,1,71,71,N,1.00,0.00,75,25,0,0,0,3123-3126,SLPT,,Y
6/23/2015,MC5-501,Mahogany Creek,221,FTRF6,SS,SS,45,54,1,,,40,59,1,,,60,20,0,2,,,0,30,22,6,,,0,0,0,2,90,90,N,2.00,0.00,70,30,0,0,0,0892-0895,UNR,Decadent willows.,Y
6/23/2015,MC5-501,Mahogany Creek,222,SSLS6,SS,SS,45,54,1,,,48,48,4,,,36,17,0,1,,,0,30,30,5,,,0,0,0,1,42,42,N,0.00,0.00,90,10,0,0,0,0896-0899,UNR,,Y
6/23/2015,MC5-501,Mahogany Creek,223,FTRF7,ST,ST,48,51,1,,,38,61,1,,,13,32,40,4,,,1,8,30,12,,,1,0,0,3,94,94,N,0.00,15.00,65,35,0,0,0,0900-0903,UNR,,Y
6/23/2015,MC5-501,Mahogany Creek,224,SSMC7,SS,SS,30,70,0,,,33,66,1,,,2,7,40,6,,,1,10,35,5,,,0,0,0,1,72,72,N,1.50,0.00,85,15,0,0,0,0904-0907,UNR,Debris = small log.,Y
6/23/2015,MC5-501,Mahogany Creek,225,FTRF8,SS,SS,30,70,0,,,35,64,1,,,0,10,40,43,,,0,10,70,40,,,1,0,0,0,85,85,N,0.00,0.00,70,30,0,0,0,0908-0911,UNR,,Y
6/24/2015,MC5-501,Mahogany Creek,226,SSMC8,SS,SS,40,59,1,,,23,77,0,,,0,15,60,5,,,1,6,38,10,,,0,0,0,0,81,81,N,0.00,0.00,85,13,2,0,0,0912-0915,UNR,,Y
6/24/2015,MC5-501,Mahogany Creek,227,FTRF9,SS,SS,35,65,0,,,43,54,1,,,1,12,60,10,,,1,3,28,4,,,0,0,0,3,87,87,N,3.00,8.00,65,31,2,2,0,0916-0919,UNR,,Y
6/24/2015,MC5-501,Mahogany Creek,228,SSLS9,SS,SS,40,59,1,,,65,31,4,,,0,26,50,63,,,0,70,4,1,,,0,0,0,0,87,87,Y,8.00,0.00,89,10,1,0,0,0920-0923,UNR,Right bank vegetation is from only a small meander point.,Y
6/24/2015,MC5-501,Mahogany Creek,229,FTRF10,SS,SS,40,48,1,,,32,67,1,,,2,8,63,17,,,40,25,18,3,,,0,2,0,3,84,84,N,2.00,7.00,65,29,3,3,0,0924-0927,UNR,,Y
6/24/2015,MC5-501,Mahogany Creek,230,SSMC10,ST,SS,30,0,70,,,40,59,1,,,1,1,55,3,,,0,5,55,2,,,1,1,0,0,81,81,Y,2.00,1.00,84,12,2,2,0,0928-0931,UNR,,Y
6/24/2015,MC5-555,Mahogany Creek,241,SSMC1,SS,SS,90,10,0,,,95,5,0,,,0,75,3,3,,,0,5,90,5,,,0,0,0,0,81,81,N,2.50,2.50,70,30,0,0,0,0932-0935,UNR,High % of NV due to leaf litter.,Y
6/24/2015,MC5-555,Mahogany Creek,242,FTRF1,SS,SS,92,8,0,,,93,7,0,,,0,13,80,4,,,0,25,77,3,,,0,0,0,0,89,89,N,0.29,0.00,30,70,0,0,0,0936-0939,UNR,,Y
6/24/2015,MC5-555,Mahogany Creek,243,SSMC2,SS,SS,90,10,0,,,85,15,0,,,0,10,60,4,,,0,20,30,5,,,0,0,1,1,90,90,N,0.50,0.00,80,20,0,0,0,0940-0943,UNR,,Y
6/24/2015,MC5-555,Mahogany Creek,244,FTRF2,SS,SS,95,5,0,,,51,49,0,,,0,5,80,2,,,0,35,30,7,,,0,0,1,1,68,68,N,0.80,1.20,70,29,1,0,0,0944-0947,UNR,,Y
6/24/2015,MC5-555,Mahogany Creek,245,SSLS3,SS,SS,88,12,0,,,50,50,0,,,0,10,55,3,,,0,38,30,5,,,0,0,0,0,97,97,N,0.00,1.90,80,20,0,0,0,0948-0951,UNR,,Y
6/25/2015,MC5-555,Mahogany Creek,246,FTRF3,SS,SS,95,5,0,,,70,30,0,,,0,5,80,1,,,0,40,40,5,,,0,1,0,0,98,98,N,5.30,2.00,60,40,0,0,0,0952-0955,UNR,,Y
6/25/2015,MC5-555,Mahogany Creek,247,SSLS4,SS,SS,95,5,0,,,90,10,0,,,0,5,70,1,,,0,5,70,15,,,1,1,0,0,96,96,N,3.00,0.00,80,20,0,0,0,0956-0960,UNR,,Y
6/25/2015,MC5-555,Mahogany Creek,248,FTRF4,SS,SS,80,20,0,,,90,10,0,,,0,5,80,40,,,0,25,70,20,,,0,1,0,0,92,92,N,12.50,10.00,64,35,1,0,0,0961-0964,UNR,,Y
6/25/2015,MC5-555,Mahogany Creek,249,SSLS5,SS,SS,55,45,0,,,80,20,0,,,0,20,70,20,,,0,30,70,20,,,0,0,0,1,92,92,N,3.00,2.50,85,15,0,0,0,0965-0968,UNR,,Y
6/25/2015,MC5-555,Mahogany Creek,250,FTRF5,SS,SS,80,20,0,,,90,10,0,,,0,20,60,60,,,0,40,70,40,,,0,0,0,0,89,89,N,0.00,9.50,80,19,1,0,0,0969-0972,UNR,,Y
6/24/2015,MC5-555,Mahogany Creek,251,SSLS6,SS,SS,95,4,1,,,90,9,1,,,0,0,85,95,,,0,0,80,90,,,0,0,0,0,93,93,N,0.79,0.00,95,4,0,1,0,3127-3130,SLPT,,Y
6/24/2015,MC5-555,Mahogany Creek,252,FNRN6,SS,SS,95,4,1,,,90,9,1,,,0,0,70,97,,,0,0,92,85,,,0,0,0,0,85,85,N,0.91,3.00,95,2,1,2,0,3131-3134,SLPT,,Y
6/24/2015,MC5-555,Mahogany Creek,253,FTRF7,SS,SS,65,34,1,,,50,50,5,,,0,15,60,40,,,0,65,45,40,,,0,0,0,2,89,89,N,5.00,10.00,50,46,3,1,0,3135-3138,SLPT,,Y
6/25/2015,MC5-555,Mahogany Creek,254,SIDEF1,NA,NA,NA,NA,NA,NA,NA,NA,NA,NA,NA,NA,NA,NA,NA,NA,NA,NA,NA,NA,NA,NA,NA,NA,NA,NA,NA,NA,NA,NA,NA,NA,NA,NA,NA,NA,NA,NA,NA,NA,Side channel - do not need to do veg or substrate.,Y
6/24/2015,MC5-555,Mahogany Creek,255,SSLS7,SS,SS,90,9,1,,,30,20,50,,,0,50,60,20,,,0,80,20,60,,,0,0,0,1,89,89,N,1.10,1.10,70,30,0,0,0,3139-3142,SLPT,,Y
6/25/2015,MC5-555,Mahogany Creek,256,FTRF8,SS,SS,95,3,2,,,95,3,2,,,0,50,80,70,,,0,50,50,70,,,0,0,0,0,87,87,N,0.00,6.00,60,39,1,0,0,3143-3146,SLPT,,Y
6/25/2015,MC5-555,Mahogany Creek,257,FNRN9,SS,SS,95,3,2,,,60,37,3,,,0,25,85,50,,,0,10,70,55,,,0,0,0,0,79,79,N,1.50,0.00,80,19,1,0,0,3147-3150,SLPT,,Y
6/25/2015,MC5-555,Mahogany Creek,258,FTRF10,SS,SS,60,35,5,,,60,35,5,,,0,40,25,40,,,0,75,25,40,,,0,0,0,0,89,89,N,3.00,2.00,70,25,2,3,0,3151-3154,SLPT,,Y
6/25/2015,MC5-555,Mahogany Creek,259,SSPL8,SS,SS,60,35,5,,,60,35,5,,,0,80,20,30,,,0,50,70,70,,,0,0,0,1,79,79,N,1.25,0.00,70,15,10,5,0,3155-3158,SLPT,,Y
6/25/2015,MC5-555,Mahogany Creek,260,SSLS9,SS,SS,60,39,1,,,30,69,1,,,0,50,15,40,,,0,70,15,85,,,1,0,0,0,82,82,N,2.00,0.00,70,20,3,7,0,3159-3162,SLPT,,Y
6/25/2015,MC5-555,Mahogany Creek,261,FTRF11,SS,SS,90,9,1,,,65,34,1,,,0,2,10,5,,,0,80,10,30,,,0,0,0,0,91,91,N,2.00,2.00,60,10,5,25,0,3163-3166,SLPT,,Y
6/25/2015,SCC1-069,Summer Camp Creek,5001,FTRF1,SS,ST,60,35,5,,,40,45,15,,,13,6,0,20,,,0,70,60,30,,,0,0,0,0,76,76,N,1.50,3.00,60,38,2,0,0,0973-0976,UNR,Two track within 10 m left bank,Y
6/25/2015,SCC1-069,Summer Camp Creek,5002,SSLS1,SS,SP,70,28,2,,,15,80,5,,,5,7,10,7,,,0,50,60,10,,,0,0,0,1,94,94,N,0.00,1.00,81,18,1,0,0,0977-0980,UNR,Two track within 10 m left bank,Y
6/25/2015,SCC1-069,Summer Camp Creek,5003,FTRF2,SS,SP,65,35,0,,,30,68,2,,,10,5,45,3,,,1,20,80,10,,,0,0,0,4,84,84,N,5.00,10.00,61,35,3,1,0,0981-0984,UNR,Two track within 10 m left bank,Y
6/25/2015,SCC1-069,Summer Camp Creek,5004,SSLS2,SS,SS,55,45,0,,,40,59,1,,,4,0,70,1,,,1,0,50,5,,,0,0,0,0,83,83,Y,0.00,1.90,93,7,0,0,0,0985-0988,UNR,Willow <<1%. Fish ~70 mm.,Y
6/25/2015,SCC1-069,Summer Camp Creek,5005,FTRF3,SS,SS,60,40,0,,,50,45,5,,,8,1,70,10,,,2,20,90,5,,,0,0,0,4,90,90,N,4.00,14.00,54,45,1,0,0,0989-0992,UNR,,Y
6/25/2015,SCC1-069,Summer Camp Creek,5006,SSMC3,SS,SS,50,49,1,,,60,40,0,,,1,1,70,10,,,2,15,90,15,,,1,1,0,2,88,88,N,2.20,1.00,75,25,0,0,0,0993-0997,UNR,,Y
6/25/2015,SCC1-069,Summer Camp Creek,5007,FTRF4,SS,SS,50,48,2,,,63,36,1,,,8,0,80,10,,,0,5,60,18,,,0,1,0,2,85,85,N,4.20,0.00,60,40,0,0,0,0998-1001,UNR,,Y
6/25/2015,SCC1-069,Summer Camp Creek,5008,SSMC4,SS,SS,25,74,1,,,55,45,0,,,5,0,85,10,,,0,8,60,10,,,0,0,0,1,92,92,N,1.00,0.00,80,20,0,0,0,1002-1006,UNR,,Y
6/25/2015,SCC1-069,Summer Camp Creek,5009,FTRF5,SS,SS,30,70,0,,,55,45,0,,,20,0,83,15,,,0,2,40,5,,,0,0,0,0,95,95,N,1.20,0.00,60,40,0,0,0,1007-1010,UNR,,Y
6/25/2015,SCC1-069,Summer Camp Creek,5010,SSLS5,SS,SS,40,60,0,,,60,40,0,,,20,1,60,10,,,0,0,32,7,,,0,0,0,1,86,86,N,0.00,0.00,70,30,0,0,0,1011-1014,UNR,,Y
6/25/2015,SCC1-069,Summer Camp Creek,5011,FTRF6,SS,SS,60,40,0,,,60,37,3,,,15,0,10,20,,,0,0,28,10,,,1,0,0,1,88,88,N,1.50,0.00,60,36,4,0,0,1015-1018,UNR,,Y
6/25/2015,SCC1-069,Summer Camp Creek,5012,FNRN7,SS,SS,50,45,5,,,70,29,1,,,10,0,15,20,,,0,0,35,22,,,0,0,0,1,94,94,N,0.00,2.50,65,35,0,0,0,1019-1022,UNR,,Y
6/25/2015,SCC1-069,Summer Camp Creek,5013,FTRF8,SS,SS,50,45,5,,,85,15,0,,,10,0,10,30,,,0,15,20,10,,,0,1,0,0,84,84,N,0.00,4.00,65,35,0,0,0,1023-1026,UNR,,Y
6/25/2015,SCC1-069,Summer Camp Creek,5014,SSPL6,SS,SS,70,30,0,,,70,25,5,,,5,1,6,17,,,0,10,40,30,,,1,0,0,0,84,84,N,0.00,1.00,70,30,0,0,0,1027-1030,UNR,Cheatgrass on left bank.,Y
6/25/2015,SCC1-069,Summer Camp Creek,5015,FTRF9,SS,SS,50,50,0,,,70,30,0,,,3,1,68,7,,,10,15,80,20,,,2,0,0,5,78,78,N,9.50,0.00,60,36,2,2,0,1031-1034,UNR,,Y
6/25/2015,SCC1-069,Summer Camp Creek,5016,SSMC7,SS,SS,40,60,0,,,40,58,2,,,0,0,73,2,,,0,40,70,15,,,1,0,0,1,74,74,N,1.30,1.75,65,33,1,1,0,1035-1038,UNR,,Y
6/25/2015,SCC1-069,Summer Camp Creek,5017,FTRF10,SS,SS,48,52,0,,,65,35,0,,,1,3,75,30,,,0,15,70,20,,,1,0,0,2,76,76,N,4.50,2.00,60,39,1,0,0,1039-1042,UNR,,Y
6/25/2015,SCC1-069,Summer Camp Creek,5018,SSLS8,SS,SS,63,37,0,,,70,30,0,,,0,18,68,29,,,0,5,40,30,,,0,0,0,0,91,91,N,1.10,0.60,65,33,2,0,0,1043-1051,UNR,,Y
6/25/2015,SCC1-069,Summer Camp Creek,5019,FNRN11,SS,SS,65,35,0,,,75,25,0,,,1,10,43,7,,,0,0,25,20,,,0,0,0,2,100,100,N,0.00,7.00,70,30,0,0,0,1052-1056,UNR,85% of reach not visible - disappears under undercut bank.,Y
6/25/2015,SCC1-069,Summer Camp Creek,5020,SSLS9,SS,SS,55,45,0,,,80,20,0,,,2,2,60,27,,,0,0,25,15,,,0,0,0,1,90,90,N,0.00,1.30,80,20,0,0,0,1057-1060,UNR,,Y
6/30/2015,SCC4-15-7,Summer Camp Creek,5121,SSLS1,SS,SS,50,49,1,,,45,54,1,,,22,1,55,0,,,20,15,35,0,,,0,0,0,0,97,97,Y,0.00,0.00,60,39,1,0,0,3196-3199,SLPT,"5-6"" fish",Y
6/30/2015,SCC4-15-7,Summer Camp Creek,5122,FTRF1,ST,SS,50,49,1,,,50,49,1,,,12,0,43,3,,,3,0,60,3,,,0,0,0,1,80,80,N,0.00,0.00,60,30,2,8,0,3200-3203,SLPT,,Y
6/30/2015,SCC4-15-7,Summer Camp Creek,5123,FTRP2,ST,SS,50,49,1,,,45,54,1,,,2,1,57,6,,,1,3,50,3,,,0,1,1,2,72,72,N,0.00,0.00,40,35,10,15,0,3204-3207,SLPT,,Y
6/30/2015,SCC4-15-7,Summer Camp Creek,5124,FTRF3,ST,ST,55,45,1,,,45,50,5,,,1,0,80,5,,,0,0,63,6,,,1,1,0,2,95,95,N,5.00,3.00,25,43,30,2,0,3208-3211,SLPT,2 size classes aspen - ST influences creek more and SP are at outer edge near fence.,Y
6/30/2015,SCC4-15-7,Summer Camp Creek,5125,SSLS2,ST,ST,50,49,1,,,35,55,10,,,0,0,68,12,,,0,0,25,5,,,0,0,0,0,88,88,Y,1.25,0.00,50,35,15,0,0,3212-3215,SLPT,"Photo standing positions: LB, RB, Up, Down.",Y
6/30/2015,SCC4-15-7,Summer Camp Creek,5126,FTRF4,SS,ST,60,39,1,,,45,54,1,,,0,0,89,10,,,0,0,40,5,,,0,0,0,0,87,87,Y,0.50,0.00,40,35,25,0,0,3216-3219,SLPT,,Y
6/30/2015,SCC4-15-7,Summer Camp Creek,5127,SSMC3,SP,SS,60,39,1,,,42,57,1,,,0,0,89,6,,,0,0,51,10,,,1,0,0,0,90,90,N,0.00,0.00,50,40,10,0,0,3220-3223,SLPT,,Y
6/30/2015,SCC4-15-7,Summer Camp Creek,5128,FTRP5,SP,SS,55,44,1,,,45,54,1,,,0,0,88,10,,,0,0,73,13,,,0,1,0,1,85,85,N,0.50,0.00,40,35,24,1,0,3225-3228,SLPT,,Y
6/30/2015,SCC4-15-7,Summer Camp Creek,5129,SSPL4,SP,SS,52,47,1,,,42,58,0,,,0,0,85,7,,,0,0,80,10,,,0,1,0,1,85,85,N,0.00,1.50,70,27,3,0,0,3229-3232,SLPT,,Y
6/30/2015,SCC4-15-7,Summer Camp Creek,5130,FTRF6,SP,SS,55,42,3,,,55,44,1,,,0,0,70,8,,,0,0,72,8,,,0,0,0,0,73,73,N,4.00,0.00,40,30,27,3,0,3233-3236,SLPT,,Y
6/30/2015,SCC4-15-7,Summer Camp Creek,5131,SSLS5,SP,SP,55,44,1,,,55,44,1,,,0,0,85,2,,,0,0,70,4,,,0,0,0,0,81,81,N,0.00,0.00,55,19,20,6,0,3237-3240,SLPT,,Y
6/30/2015,SCC4-15-7,Summer Camp Creek,5132,FTRF7,SP,SS,65,34,1,,,65,34,1,,,0,0,90,15,,,0,0,70,20,,,0,0,0,0,67,67,N,0.00,1.80,40,39,20,1,0,3241-3245,SLPT,,Y
6/30/2015,SCC4-15-7,Summer Camp Creek,5133,FTRP8,SS,SS,95,5,0,,,64,35,1,,,0,0,60,20,,,0,0,35,5,,,0,0,0,1,70,70,N,4.00,2.30,46,25,25,4,0,3246-3249,SLPT,,Y
6/30/2015,SCC4-15-7,Summer Camp Creek,5134,SSMC6,SS,SP,97,3,0,,,55,45,0,,,0,0,50,20,,,0,0,40,10,,,0,0,0,1,84,84,N,0.00,0.30,42,40,10,8,0,3250-3253,SLPT,,Y
6/30/2015,SCC4-15-7,Summer Camp Creek,5135,FTRP9,ST,SS,97,3,0,,,55,45,1,,,0,0,40,5,,,0,0,70,10,,,0,1,0,1,70,70,N,5.00,5.50,40,38,20,2,0,3254-3260,SLPT,,Y
6/30/2015,SCC4-15-7,Summer Camp Creek,5136,FTRF10,ST,SS,97,3,0,,,55,45,1,,,0,0,75,5,,,0,1,35,5,,,0,1,0,1,69,69,N,0.00,1.00,50,25,25,0,0,3261-3264,SLPT,,Y
6/30/2015,SCC4-15-7,Summer Camp Creek,5137,SSLS7,ST,SS,97,3,0,,,55,45,0,,,0,0,55,3,,,0,0,40,20,,,0,0,0,1,83,83,N,0.00,1.10,60,18,22,0,0,3265-3269,SLPT,,Y
6/30/2015,SCC4-15-7,Summer Camp Creek,5138,FTRP11,ST,ST,97,3,0,,,55,45,0,,,0,0,80,5,,,0,1,40,30,,,0,1,0,0,77,77,N,0.00,3.20,38,29,30,3,0,3270-3273,SLPT,,Y
6/30/2015,SCC4-15-7,Summer Camp Creek,5139,SSLS8,ST,ST,95,5,0,,,50,50,0,,,0,0,55,25,,,10,0,40,10,,,1,2,0,0,75,75,Y,1.00,0.00,65,18,15,2,0,3274-3277,SLPT,,Y
6/30/2015,SCC4-15-7,Summer Camp Creek,5140,FTRP12,ST,SP,95,5,0,,,60,40,0,,,0,0,65,20,,,15,0,45,5,,,0,0,0,0,87,87,N,0.00,0.00,60,16,12,12,0,3278-3281,SLPT,,Y
6/30/2015,SCC5-15-8,Summer Camp Creek,5151,SSPL1,SS,SS,35,40,25,,,40,35,25,,,0,0,40,25,,,0,0,65,75,,,0,0,0,0,79,79,N,1.00,0.00,90,10,0,0,0,1127-1130,UNR,,Y
6/30/2015,SCC5-15-8,Summer Camp Creek,5152,FTRF1,ST,SS,35,45,20,,,10,60,30,,,1,0,15,25,,,0,0,30,50,,,0,1,0,1,75,75,N,3.50,4.00,50,10,37,3,0,1131-1134,UNR,,Y
6/30/2015,SCC5-15-8,Summer Camp Creek,5153,SIDEF1,NA,NA,NA,NA,NA,,,NA,NA,NA,,,NA,NA,NA,NA,,,NA,NA,NA,NA,,,NA,NA,NA,NA,NA,NA,NA,NA,NA,NA,NA,NA,NA,NA,1135-1138,UNR,,Y
6/30/2015,SCC5-15-8,Summer Camp Creek,5154,SSPL2,SP,SS,40,45,15,,,10,85,5,,,0,0,45,65,,,0,0,35,60,,,0,0,0,1,88,88,N,0.00,0.00,60,20,20,0,0,1139-1142,UNR,,Y
6/30/2015,SCC5-15-8,Summer Camp Creek,5155,FTRF2,SS,SP,55,42,3,,,45,50,5,,,0,0,80,60,,,0,0,80,35,,,0,1,0,2,97,97,N,6.00,5.00,50,27,22,1,0,1143-1146,UNR,,Y
6/30/2015,SCC5-15-8,Summer Camp Creek,5156,SSPL3,SS,SP,70,30,0,,,60,40,0,,,0,0,75,65,,,0,0,60,70,,,0,0,0,0,89,89,Y,0.00,1.50,70,20,9,1,0,1147-1150,UNR,Fish seen there at end of survey. (See comments form.),Y
6/30/2015,SCC5-15-8,Summer Camp Creek,5157,FTRP3,SS,SP,45,45,10,,,40,40,20,,,0,0,75,25,,,0,0,45,30,,,1,0,0,1,70,70,Y,1.50,7.00,55,30,14,1,0,1151-1154,UNR,,Y
6/30/2015,SCC5-15-8,Summer Camp Creek,5158,SSPL4,SS,SS,45,45,10,,,35,65,0,,,0,0,70,5,,,0,0,75,30,,,0,0,1,1,79,79,N,0.00,1.50,50,30,15,5,0,1155-1158,UNR,,Y
6/30/2015,SCC5-15-8,Summer Camp Creek,5159,SSPL5,SS,SS,45,45,10,,,35,65,0,,,0,0,70,5,,,0,0,75,30,,,0,0,0,0,90,90,Y,0.00,0.00,70,15,5,10,0,1159-1162,UNR,,Y
6/30/2015,SCC5-15-8,Summer Camp Creek,5160,SSPL6,SS,SS,50,50,0,,,40,55,5,,,0,0,75,5,,,0,0,80,10,,,0,0,0,0,92,92,N,1.00,0.00,52,45,3,0,0,1163-1171,UNR,Boulder category was left blank - assumed it was 0.,Y
6/30/2015,SCC5-15-8,Summer Camp Creek,5161,FTRP4,SS,SS,55,45,0,,,30,70,0,,,0,0,60,30,,,0,0,70,55,,,1,2,0,0,88,88,N,10.00,8.25,50,25,14,1,0,1172-1175,UNR,,Y
6/30/2015,SCC5-15-8,Summer Camp Creek,5162,SSPL7,SS,SS,55,45,0,,,40,59,1,,,0,0,60,20,,,0,0,85,40,,,0,0,0,0,74,74,N,0.50,0.25,70,25,5,0,0,1176-1179,UNR,,Y
6/30/2015,SCC5-15-8,Summer Camp Creek,5163,FTRP5,SP,ST,60,40,0,,,45,55,0,,,0,0,60,50,,,0,0,70,40,,,0,0,0,1,65,65,N,0.00,3.00,50,25,14,1,0,1180-1183,UNR,,Y
6/30/2015,SCC5-15-8,Summer Camp Creek,5164,FTCC6,SP,SS,60,40,0,,,60,40,0,,,0,0,65,40,,,0,0,60,20,,,0,0,0,1,83,83,Y,0.00,0.50,50,30,15,5,0,1184-1187,UNR,,Y
6/30/2015,SCC5-15-8,Summer Camp Creek,5165,FTRP7,SS,SS,40,55,5,,,70,30,0,,,0,0,55,30,,,0,0,80,30,,,0,0,0,0,83,83,N,1.00,7.00,50,25,10,5,0,1188-1191,UNR,,Y
6/30/2015,SCC5-15-8,Summer Camp Creek,5166,SSPL8,SS,SP,30,50,20,,,60,40,0,,,0,0,40,30,,,0,0,50,30,,,0,0,0,0,78,78,N,0.50,0.00,50,15,5,30,0,1192-1195,UNR,,Y
6/30/2015,SCC5-15-8,Summer Camp Creek,5167,FTRP8,SS,SS,50,45,5,,,40,60,0,,,0,0,84,30,,,0,0,40,30,,,0,0,0,1,80,80,N,1.00,2.50,50,25,24,1,0,1196-1199,UNR,,Y
6/30/2015,SCC5-15-8,Summer Camp Creek,5168,SSMC9,SS,SS,50,50,0,,,50,50,0,,,0,0,90,30,,,0,0,60,50,,,0,0,0,1,93,93,N,1.50,1.00,50,30,19,1,0,1200-1203,UNR,,Y
6/30/2015,SCC5-15-8,Summer Camp Creek,5169,FTRP9,SS,SS,30,65,5,,,40,60,0,,,0,0,60,45,,,0,0,40,45,,,1,1,0,0,83,83,N,8.00,2.00,50,39,10,1,0,1204-1207,UNR,,Y
6/30/2015,SCC5-15-8,Summer Camp Creek,5170,SSLS10,SS,SS,60,40,0,,,40,60,0,,,0,0,80,20,,,0,0,50,30,,,0,0,0,0,79,79,N,1.50,1.00,50,44,5,1,0,1208-1211,UNR,,Y
6/26/2015,MC2-326,Mahogany Creek,91,FNRN1,SS,SS,20,78,2,,,10,90,0,,,1,30,0,80,,,0,95,0,60,,,0,0,0,0,90,90,N,1.00,0.00,90,10,0,0,0,1062-1065,UNR,,Y
6/26/2015,MC2-326,Mahogany Creek,92,SSLS1,SS,SS,40,59,1,,,80,18,2,,,0,10,0,90,,,0,95,0,60,,,0,0,0,0,87,87,N,2.00,0.00,93,7,0,0,0,1066-1069,UNR,,Y
6/26/2015,MC2-326,Mahogany Creek,93,FTRF2,SS,SS,40,59,1,,,80,17,3,,,0,10,0,90,,,0,90,0,20,,,0,0,0,0,84,84,N,3.60,0.00,85,15,0,0,0,1070-1074,UNR,Root mat at bottom of riffle. Deleted and retook a picture.,Y
6/26/2015,MC2-326,Mahogany Creek,94,SSLS2,SS,SS,40,59,1,,,40,60,3,,,0,0,0,80,,,0,90,0,20,,,0,0,0,0,64,64,N,3.00,0.00,85,15,0,0,0,1075-1078,UNR,,Y
6/26/2015,MC2-326,Mahogany Creek,95,FTRF3,SS,SS,10,89,1,,,40,58,2,,,0,35,0,40,,,0,90,0,20,,,0,0,0,2,86,86,N,10.00,6.00,80,19,1,0,0,1079-1082,UNR,Looks entrenched.,Y
9/29/2015,MC2-326,Mahogany Creek,96,SSLS3,SS,SS,25,74,1,,,70,30,0,,,0,70,0,0,,,0,80,0,30,,,0,0,0,1,91,91,N,3.00,1.50,90,10,0,0,0,1083-1086,UNR,,Y
9/29/2015,MC2-326,Mahogany Creek,97,FTRF4,SS,SS,20,79,1,,,60,40,0,,,0,65,0,0,,,0,75,0,20,,,0,0,0,1,97,97,N,3.25,0.00,65,35,0,0,0,1087-1090,UNR,,Y
9/29/2015,MC2-326,Mahogany Creek,98,SSMC4,SS,SS,40,55,5,,,80,20,0,,,0,70,0,0,,,0,85,0,25,,,0,0,0,0,85,85,N,3.50,0.00,70,30,0,0,0,1091-1094,UNR,,Y
9/29/2015,MC2-326,Mahogany Creek,99,FTRF5,SS,SS,35,65,0,,,50,50,0,,,0,65,0,10,,,0,80,15,60,,,0,0,0,2,92,92,N,9.00,10.00,80,20,0,0,0,1095-1098,UNR,Willows hanging in creek.,Y
9/29/2015,MC2-326,Mahogany Creek,100,FNRN6,SS,SS,30,70,0,,,80,20,0,,,0,55,0,0,,,0,15,70,30,,,0,0,0,1,89,89,N,2.80,1.50,85,14,1,0,0,1099-1102,UNR,,Y
9/29/2015,MC2-326,Mahogany Creek,101,FTRF7,SS,SS,40,58,2,,,90,10,0,,,35,40,0,25,,,0,15,80,80,,,0,0,0,1,84,84,N,22.00,10.00,46,45,8,1,0,1103-1106,UNR,,Y
9/29/2015,MC2-326,Mahogany Creek,102,SSLS5,SS,SS,50,40,10,,,90,10,0,,,10,30,0,7,,,0,40,75,80,,,0,0,0,0,81,81,N,5.00,4.00,95,5,0,0,0,1107-1110,UNR,,Y
9/29/2015,MC2-326,Mahogany Creek,103,FNRN8,SS,SS,60,35,5,,,20,75,5,,,5,50,0,10,,,0,80,0,20,,,0,0,0,0,80,80,N,1.00,5.50,90,10,0,0,0,1111-1114,UNR,,Y
9/29/2015,MC2-326,Mahogany Creek,104,FTRF9,SS,SS,30,65,5,,,50,40,10,,,5,25,0,10,,,1,60,0,80,,,0,0,0,2,75,75,N,2.00,7.00,50,50,0,0,0,1115-1118,UNR,,Y
9/29/2015,MC2-326,Mahogany Creek,105,SSLS6,SS,SS,30,65,5,,,50,45,5,,,25,20,0,10,,,0,75,0,25,,,0,0,0,0,82,82,N,1.50,0.00,90,10,0,0,0,1119-1122,UNR,,Y
9/29/2015,MC2-326,Mahogany Creek,106,FTRF10,SS,SS,30,65,5,,,30,60,10,,,5,60,0,50,,,0,70,5,60,,,0,0,0,2,89,89,N,5.00,0.00,70,30,0,0,0,1123-1126,UNR,,Y
7/1/2015,MC2-326,Mahogany Creek,107,SSLS7,SS,SS,30,69,1,,,25,74,1,,,0,50,0,55,,,0,70,0,60,,,0,0,0,0,85,85,N,1.00,2.50,90,10,0,0,0,1212-1215,UNR,,Y
7/1/2015,MC2-326,Mahogany Creek,108,FTRF11,SS,SS,25,75,0,,,50,50,0,,,0,60,0,50,,,0,80,0,40,,,0,0,0,0,80,80,N,0.00,3.20,65,35,0,0,0,1217-1220,UNR,,Y
7/1/2015,MC2-326,Mahogany Creek,109,SSMC8,SS,SS,70,30,0,,,50,50,0,,,0,80,0,30,,,0,75,0,50,,,0,0,0,1,99,99,N,1.00,4.50,90,10,0,0,0,1221-1224,UNR,,Y
7/1/2015,MC2-326,Mahogany Creek,110,FTRF12,SS,SS,70,30,0,,,50,50,0,,,0,85,0,40,,,0,75,0,50,,,0,0,0,1,86,86,N,3.50,1.50,65,35,0,0,0,1225-1228,UNR,,Y
7/7/2015,SCC3-486,Summer Camp Creek,5091,FTRF1,SS,SS,25,70,5,,,25,65,10,,,5,0,35,5,,,20,25,15,15,,,1,0,0,0,68,68,N,0.00,1.00,40,48,10,2,0,1298-1301,UNR,,Y
7/7/2015,SCC3-486,Summer Camp Creek,5092,SSLS1,SS,SS,15,80,5,,,55,40,5,,,15,0,35,0,,,10,15,10,60,,,1,0,0,0,86,86,N,1.00,0.00,40,40,2,18,0,1302-1305,UNR,Saw something move in water - possibly a fish.,Y
7/7/2015,SCC3-486,Summer Camp Creek,5093,FTRF2,SS,SS,22,73,5,,,25,70,5,,,10,0,25,0,,,30,20,15,5,,,1,1,0,1,77,77,N,4.00,0.00,38,50,10,2,0,1306-1309,UNR,,Y
7/7/2015,SCC3-486,Summer Camp Creek,5094,FNRN3,SS,SS,10,86,4,,,20,75,5,,,5,0,30,5,,,20,0,20,0,,,1,0,0,0,77,77,N,0.00,3.50,29,65,5,1,0,1310-1313,UNR,,Y
7/7/2015,SCC3-486,Summer Camp Creek,5095,FTRF4,SS,SS,10,80,10,,,25,65,10,,,5,0,35,5,,,15,0,10,0,,,1,0,0,1,68,68,N,0.00,0.00,30,40,25,5,0,1318-1321,UNR,,Y
7/7/2015,SCC3-486,Summer Camp Creek,5096,SSMC2,SS,SS,20,70,10,,,20,74,6,,,1,0,20,5,,,5,0,15,5,,,0,0,0,1,78,78,N,0.00,2.00,40,35,5,20,0,1314-1317,UNR,,Y
7/7/2015,SCC3-486,Summer Camp Creek,5097,FTRF5,SS,SS,10,75,5,,,15,84,1,,,1,0,75,5,,,5,0,15,10,,,0,0,0,0,68,68,N,3.00,9.00,45,35,17,3,0,1322-1325,UNR,,Y
7/7/2015,SCC3-486,Summer Camp Creek,5098,SSMC3,SS,SS,20,75,5,,,25,72,3,,,0,0,80,5,,,7,0,50,5,,,0,0,0,0,80,80,N,0.00,1.00,50,30,5,10,0,1326-1329,UNR,,Y
7/7/2015,SCC3-486,Summer Camp Creek,5099,FTRF6,SS,SS,15,75,10,,,30,60,10,,,0,5,83,5,,,5,0,55,5,,,1,1,0,2,55,55,Y,11.00,3.00,30,35,23,2,0,1330-1333,UNR,,Y
7/7/2015,SCC3-486,Summer Camp Creek,5100,FNRN7,SS,SS,20,80,0,,,30,65,5,,,0,0,65,5,,,2,10,75,50,,,0,0,0,1,78,78,N,2.00,0.00,60,38,2,0,0,1334-1337,UNR,,Y
7/7/2015,SCC3-486,Summer Camp Creek,5101,FTRF8,SS,SS,15,50,5,,,20,70,10,,,0,0,90,5,,,10,5,30,5,,,1,4,0,5,78,78,N,24.00,0.00,45,40,10,5,0,1338-1341,UNR,,Y
7/7/2015,SCC3-486,Summer Camp Creek,5102,SIDEF1,NA,NA,NA,NA,NA,,,NA,NA,NA,,,NA,NA,NA,NA,,,NA,NA,NA,NA,,,NA,NA,NA,NA,NA,NA,NA,NA,NA,NA,NA,NA,NA,NA,NA,UNR,,Y
7/7/2015,SCC3-486,Summer Camp Creek,5103,FTRP9,SS,SS,15,80,5,,,35,60,5,,,0,0,60,15,,,10,0,30,0,,,3,2,0,4,88,88,N,2.50,4.00,35,45,14,6,0,1342-1345,UNR,,Y
7/7/2015,SCC3-486,Summer Camp Creek,5104,SSPL4,SS,SS,15,80,5,,,10,90,0,,,2,1,70,5,,,15,0,60,10,,,0,0,0,0,76,76,N,0.00,2.00,85,10,5,0,0,1346-1349,UNR,,Y
7/7/2015,SCC3-486,Summer Camp Creek,5105,WF1,NA,NA,NA,NA,NA,,,NA,NA,NA,,,NA,NA,NA,NA,,,NA,NA,NA,NA,,,NA,NA,NA,NA,NA,NA,NA,NA,NA,NA,NA,NA,NA,NA,1351-1354,UNR,,Y
7/7/2015,SCC3-486,Summer Camp Creek,5106,FTRF10,SS,SS,20,77,3,,,20,74,6,,,5,10,45,10,,,25,15,35,10,,,0,0,0,0,80,80,N,10.00,5.50,30,35,38,1,1,1355-1358,UNR,,Y
7/7/2015,SCC3-486,Summer Camp Creek,5107,FTRP11,SS,SS,15,75,10,,,30,60,10,,,5,5,60,5,,,5,10,50,10,,,1,2,0,0,80,80,N,4.50,2.50,35,40,21,4,0,1359-1362,UNR,Saw something move in water - possibly a fish.,Y
7/7/2015,SCC3-486,Summer Camp Creek,5108,SSMC5,SS,SS,20,75,5,,,10,85,5,,,0,5,40,5,,,10,0,35,5,,,0,0,0,0,79,79,N,2.00,0.00,60,32,5,3,0,1363-1366,UNR,,Y
7/7/2015,SCC3-486,Summer Camp Creek,5109,FTRP12,SS,SS,20,75,5,,,15,80,5,,,0,15,85,15,,,50,0,20,5,,,0,0,0,0,74,74,N,4.00,0.50,40,35,22,3,0,1367-1370,UNR,,Y
7/7/2015,SCC3-486,Summer Camp Creek,5110,FTRF13,SS,SS,25,69,6,,,35,60,5,,,0,30,80,5,,,80,5,0,0,,,0,0,0,1,93,93,N,0.50,0.25,45,30,23,2,0,1371-1374,UNR,,Y
7/7/2015,SCC2-15-5,Summer Camp Creek,5031,SSPL1,SS,SS,70,30,0,,,98,2,0,,,0,15,90,22,,,0,30,40,20,,,1,0,0,0,73,73,N,0.00,0.00,77,15,7,1,0,0005-0008,SLPT2,Lots of aspen seedlings < 1 cm diameter.,Y
7/7/2015,SCC2-15-5,Summer Camp Creek,5032,FTRP1,SS,SS,72,28,0,,,98,2,0,,,0,18,85,28,,,0,5,32,25,,,3,0,0,1,72,72,N,0.00,0.50,50,25,17,8,0,0009-0012,SLPT2,Lots of west black currant.,Y
7/7/2015,SCC2-15-5,Summer Camp Creek,5033,SSPL2,SS,SS,76,24,0,,,98,2,0,,,0,15,85,18,,,0,2,17,26,,,0,0,0,1,82,82,N,0.00,0.00,58,13,15,14,0,0013-0016,SLPT2,West black currant. Small debris pile at crest.,Y
7/7/2015,SCC2-15-5,Summer Camp Creek,5034,FTRP2,SS,SS,72,28,0,,,93,7,0,,,0,5,62,17,,,0,25,25,10,,,1,0,0,2,85,89,N,6.40,7.00,60,19,18,3,0,0017-0020,SLPT2,,Y
7/7/2015,SCC2-15-5,Summer Camp Creek,5035,SSMC3,SS,SS,70,30,0,,,75,25,0,,,0,20,59,11,,,0,18,68,9,,,0,1,0,0,86,86,N,0.00,2.00,66,30,4,0,0,0021-0024,SLPT2,,Y
7/7/2015,SCC2-15-5,Summer Camp Creek,5036,FTRF3,SP,SP,68,32,0,,,70,30,0,,,0,37,59,10,,,0,25,50,9,,,0,1,0,0,79,84,N,2.00,1.30,58,20,20,2,0,0025-0028,SLPT2,,Y
7/7/2015,SCC2-15-5,Summer Camp Creek,5037,SSLS4,SS,SP,72,28,0,,,77,23,0,,,0,20,55,30,,,0,2,55,25,,,1,0,0,0,89,95,N,1.80,0.00,80,17,1,2,0,0029-0032,SLPT2,left bank undercut up to 1 meter deep.,Y
7/7/2015,SCC2-15-5,Summer Camp Creek,5038,FTRF4,SS,SP,75,25,0,,,80,20,0,,,0,40,28,28,,,0,5,65,25,,,0,0,0,1,83,84,N,2.00,0.00,50,27,15,8,0,0033-0036,SLPT2,,Y
7/7/2015,SCC2-15-5,Summer Camp Creek,5039,SSPL5,SS,SP,80,20,0,,,75,25,0,,,0,40,30,22,,,0,30,30,25,,,0,0,0,1,87,87,N,1.00,0.00,90,8,1,1,0,0037-0040,SLPT2,,Y
7/7/2015,SCC2-15-5,Summer Camp Creek,5040,FTRP5,SS,SP,90,10,0,,,80,20,0,,,0,5,25,17,,,0,18,60,22,,,2,0,0,3,80,96,N,1.00,3.80,55,28,10,7,0,0041-0044,SLPT2,1 meter undercut on left bank is on overhanging boulder.,Y
7/7/2015,SCC2-15-5,Summer Camp Creek,5041,SSPL6,SS,SP,95,5,0,,,75,25,0,,,0,22,9,10,,,0,10,35,7,,,0,0,0,1,80,92,N,0.00,0.00,70,26,1,3,0,0045-0048,SLPT2,,Y
7/8/2015,SCC2-15-5,Summer Camp Creek,5042,FTRP6,SS,SP,95,5,0,,,85,15,0,,,0,7,9,20,,,0,10,57,22,,,0,0,0,1,85,89,N,0.00,6.00,50,30,10,10,0,0049-0052,SLPT2,,Y
7/8/2015,SCC2-15-5,Summer Camp Creek,5043,SSMC7,SS,SS,98,2,0,,,92,8,0,,,0,18,3,20,,,0,0,17,28,,,0,0,0,0,94,94,N,0.00,0.75,80,15,2,3,0,0053-0056,SLPT2,,Y
7/8/2015,SCC2-15-5,Summer Camp Creek,5044,FTCC7,SS,SS,99,1,0,,,99,1,0,,,0,17,7,16,,,0,3,23,20,,,0,0,0,0,75,88,N,1.00,2.50,50,15,10,25,0,0057-0060,SLPT2,,Y
7/8/2015,SCC2-15-5,Summer Camp Creek,5045,SSMC8,SS,SS,98,2,0,,,98,2,0,,,0,22,5,26,,,0,12,20,10,,,0,0,0,0,76,84,N,0.50,0.50,50,15,10,25,0,0061-0064,SLPT2,,Y
7/8/2015,SCC2-15-5,Summer Camp Creek,5046,SSPL9,SS,SS,99,1,0,,,97,3,0,,,0,20,14,38,,,0,20,40,30,,,0,0,0,1,90,95,N,0.25,1.40,85,4,10,1,0,0065-0068,SLPT2,,Y
7/8/2015,SCC2-15-5,Summer Camp Creek,5047,SSPL10,SS,SS,99,0,0,,,97,3,0,,,0,12,28,40,,,0,22,32,45,,,0,0,0,0,95,99,N,0.00,0.50,55,30,10,5,0,0069-0072,SLPT2,,Y
7/8/2015,SCC2-15-5,Summer Camp Creek,5048,SSPL11,SS,SS,99,1,0,,,96,4,0,,,0,5,40,21,,,0,13,28,37,,,0,0,0,0,94,99,N,0.00,0.00,65,15,10,10,0,0073-0076,SLPT2,,Y
7/8/2015,SCC2-15-5,Summer Camp Creek,5049,FTRF8,SS,SS,99,1,0,,,93,7,0,,,0,20,59,26,,,0,20,40,32,,,0,0,0,0,80,87,N,3.50,4.00,60,20,10,10,0,0077-0080,SLPT2,,Y
7/8/2015,SCC2-15-5,Summer Camp Creek,5050,FTCC9,SS,SS,98,2,0,,,93,2,0,,,0,32,56,40,,,0,2,39,22,,,0,0,0,2,90,96,N,4.00,3.25,30,25,20,25,0,0081-0084,SLPT2,,Y
7/9/2015,MC7-817,Mahogany Creek,331,SSMC1,SP,SP,50,49,1,,,50,49,1,,,0,0,40,3,,,0,0,35,1,,,0,0,0,0,96,96,Y,0.00,0.00,70,25,5,0,0,1392-1395,UNR,Several inches fish.,Y
7/9/2015,MC7-817,Mahogany Creek,332,FTRF1,SP,SS,63,36,1,,,53,46,1,,,0,2,27,1,,,0,0,15,3,,,2,0,0,1,78,78,N,2.50,5.00,60,30,10,0,0,1396-1399,UNR,,Y
7/9/2015,MC7-817,Mahogany Creek,333,SSLS2,SP,SS,66,33,1,,,60,39,1,,,1,0,35,1,,,0,0,5,8,,,1,0,0,1,84,84,N,0.50,0.00,80,19,1,0,0,1400-1403,UNR,,Y
7/9/2015,MC7-817,Mahogany Creek,334,FTRF2,SP,SP,62,37,1,,,64,35,1,,,2,0,37,2,,,0,0,11,2,,,0,0,0,0,88,88,N,0.00,2.00,55,30,15,0,0,1404-1415,UNR,,Y
7/9/2015,MC7-817,Mahogany Creek,335,SSLS3,SP,SS,63,36,1,,,62,37,1,,,0,0,35,5,,,0,0,15,0,,,0,0,0,0,94,94,N,0.00,1.50,65,25,10,0,0,1416-1420,UNR,,Y
7/9/2015,MC7-817,Mahogany Creek,336,FTRF3,SP,SS,62,37,1,,,63,36,1,,,1,0,60,2,,,0,0,13,0,,,0,0,0,1,78,78,N,0.00,0.60,45,40,15,0,0,1421-1424,UNR,,Y
7/9/2015,MC7-817,Mahogany Creek,337,SDDD4,SS,SS,60,39,1,,,63,36,1,,,0,0,58,5,,,0,0,28,0,,,0,1,0,1,82,82,N,0.00,0.50,80,10,10,0,0,1425-1428,UNR,,Y
7/9/2015,MC7-817,Mahogany Creek,338,FTRF4,SP,SP,64,35,1,,,66,34,0,,,2,0,65,2,,,0,0,50,14,,,0,0,0,2,82,82,N,2.00,3.00,60,24,13,3,0,1429-1432,UNR,,Y
7/9/2015,MC7-817,Mahogany Creek,339,SSMC5,SP,SP,75,25,0,,,64,36,0,,,0,0,70,6,,,0,0,59,0,,,0,0,0,1,93,93,Y,0.00,0.25,85,14,1,0,0,1433-1436,UNR,"3-4"" fish",Y
7/9/2015,MC7-817,Mahogany Creek,340,FTRF5,SS,SS,70,29,1,,,60,39,1,,,5,0,50,10,,,5,0,30,5,,,0,1,0,0,72,72,N,0.00,0.00,50,40,10,0,0,1437-1440,UNR,,Y
7/9/2015,MC7-817,Mahogany Creek,341,SSMC6,SS,SS,75,24,1,,,50,49,1,,,0,0,75,10,,,5,0,50,15,,,0,1,0,0,88,88,Y,0.00,1.50,60,35,5,0,0,1441-1444,UNR,,Y
7/9/2015,MC7-817,Mahogany Creek,342,FTRF6,SP,SS,70,29,1,,,50,49,1,,,0,0,75,5,,,0,0,30,10,,,0,0,0,0,71,71,N,1.00,0.60,70,25,5,0,0,1445-1448,UNR,,Y
7/9/2015,MC7-817,Mahogany Creek,343,SSMC7,SP,SS,75,24,1,,,60,39,1,,,0,0,65,5,,,0,0,75,10,,,0,0,0,0,71,71,Y,0.00,1.25,60,25,10,5,0,1449-1452,UNR,,Y
7/9/2015,MC7-817,Mahogany Creek,344,FTRF7,SP,SS,75,24,1,,,65,34,1,,,0,0,70,5,,,0,0,70,10,,,0,0,0,0,75,75,N,0.00,2.00,55,30,5,10,0,"1453-1455, 1465",UNR,Pictures got messed up because skipped SO345 and lumped into SO344&346.,Y
7/9/2015,MC7-817,Mahogany Creek,345,SSMC8,SS,SS,75,24,1,,,65,34,1,,,0,0,70,5,,,0,0,55,10,,,0,0,0,0,72,72,N,0.00,0.50,30,30,20,20,0,1466-1469,UNR,,Y
7/9/2015,MC7-817,Mahogany Creek,346,FTRF8,SS,SS,75,24,1,,,65,34,1,,,0,0,70,5,,,0,0,55,10,,,0,0,0,0,86,86,N,0.00,1.75,55,35,5,5,0,1470-1473,UNR,,Y
7/9/2015,MC7-817,Mahogany Creek,347,SSPL9,SS,SS,70,29,1,,,75,24,1,,,1,0,65,15,,,0,0,80,1,,,0,0,0,0,68,68,N,0.00,1.25,55,25,5,15,0,1457-1460,UNR,,Y
7/9/2015,MC7-817,Mahogany Creek,348,FTRF9,SP,SS,65,34,1,,,65,34,1,,,0,0,75,1,,,0,0,75,15,,,0,0,0,0,74,74,N,8.00,1.50,55,35,5,5,0,1461-1464,UNR,,Y
7/9/2015,MC7-817,Mahogany Creek,349,SSLS10,SS,SS,70,29,1,,,60,39,1,,,0,0,75,1,,,0,0,65,50,,,0,1,0,0,66,66,Y,1.60,0.00,60,35,5,0,0,1474-1477,UNR,,Y
7/9/2015,MC7-817,Mahogany Creek,350,FTRF10,SS,SS,70,29,1,,,50,49,1,,,1,0,70,0,,,0,0,60,25,,,0,2,0,1,66,66,Y,0.00,2.50,55,43,1,1,0,1478-1481,UNR,,Y
7/14/2015,MC3-458,Mahogany Creek,151,FTRF1,SS,SS,57,43,0,,,92,8,0,,,0,92,2,2,,,0,1,60,75,,,0,0,0,0,95,95,N,3.50,2.00,65,20,14,1,0,1525-1528,UNR,,Y
7/14/2015,MC3-458,Mahogany Creek,152,SSLS1,SS,SS,62,38,0,,,85,15,0,,,0,99,2,20,,,0,0,63,60,,,0,0,0,1,82,82,N,,,65,15,15,5,0,1520-1524,UNR,,Y
7/14/2015,MC3-458,Mahogany Creek,153,FTRF2,SS,SP,70,30,0,,,50,50,0,,,0,99,0,1,,,0,0,80,11,,,0,1,0,1,77,81,N,0.00,3.50,35,45,19,1,0,1516-1519,UNR,,Y
7/14/2015,MC3-458,Mahogany Creek,154,FNRN3,SS,SS,63,37,0,,,50,50,0,,,0,92,0,1,,,0,0,47,3,,,0,0,0,0,47,47,N,0.00,0.00,60,30,10,0,0,1512-1515,UNR,,Y
7/14/2015,MC3-458,Mahogany Creek,155,SSLS2,SS,SS,59,41,0,,,50,50,0,,,0,83,0,1,,,0,0,18,2,,,0,0,0,0,94,94,N,0.00,2.50,80,15,5,0,0,1508-1511,UNR,,Y
7/8/2015,MC3-458,Mahogany Creek,156,FTRP4,SS,SS,60,40,0,,,95,5,0,,,0,70,0,5,,,0,0,60,30,,,0,0,0,0,65,65,N,0.00,5.50,65,30,5,0,0,1387-1391,UNR,,Y
7/8/2015,MC3-458,Mahogany Creek,157,FNRN5,SS,SS,70,30,0,,,60,40,0,,,0,80,2,5,,,0,0,50,60,,,0,0,0,0,74,74,N,0.00,1.50,79,20,1,0,0,1383-1386,UNR,,Y
7/8/2015,MC3-458,Mahogany Creek,158,FTRP6,SS,SS,70,30,0,,,60,40,0,,,0,70,20,5,,,0,5,60,50,,,0,0,0,0,86,86,N,0.00,0.50,65,30,5,0,0,1379-1382,UNR,,Y
7/8/2015,MC3-458,Mahogany Creek,159,FNRN7,SS,SS,60,40,0,,,60,40,0,,,0,15,50,10,,,0,0,40,25,,,0,0,0,0,84,84,N,0.00,0.00,85,10,5,0,0,1375-1378,UNR,,Y
6/29/2015,MC3-458,Mahogany Creek,160,SSMC3,SS,ST,63,37,0,,,60,40,0,,,0,5,30,2,,,0,0,25,10,,,0,0,0,0,69,69,N,0.00,0.00,30,50,20,0,0,3167-3170,SLPT,Sediment settled on edges of pool.,Y
6/29/2015,MC3-458,Mahogany Creek,161,FTRF8,ST,ST,50,49,1,,,60,40,0,,,0,10,50,10,,,0,5,65,5,,,0,1,0,0,73,73,N,2.00,0.00,60,15,20,5,0,3171-3174,SLPT,Moss on cobble in bankfull.,Y
6/29/2015,MC3-458,Mahogany Creek,162,SSMC4,SS,SS,55,45,0,,,45,54,1,,,10,1,15,50,,,0,12,50,6,,,0,0,0,0,91,91,N,0.25,0.00,40,15,10,35,0,3175-3178,SLPT,"Big dogwood over pool. Rubber rabbitbrush. Service berry, currant.",Y
6/29/2015,MC3-458,Mahogany Creek,163,FTRP9,SS,SS,63,37,0,,,37,63,0,,,0,10,60,90,,,0,0,48,15,,,0,0,0,3,58,58,N,4.00,0.00,55,5,5,35,0,3179-3182,SLPT,,Y
6/29/2015,MC3-458,Mahogany Creek,164,SSLS5,ST,ST,75,25,0,,,37,63,0,,,0,1,40,50,,,0,0,40,10,,,0,0,0,2,94,94,N,0.00,0.00,65,13,10,12,0,3183-3186,SLPT,Large rosebush tangle on marjority of left bank.,Y
6/29/2015,MC3-458,Mahogany Creek,165,FTRF10,ST,ST,30,70,0,,,37,63,0,,,0,2,40,35,,,0,0,45,15,,,2,0,1,5,79,79,N,0.00,0.50,50,25,10,15,0,3107-3190,SLPT,,Y
7/1/2015,MC3-458,Mahogany Creek,166,SSLS6,SP,ST,60,40,0,,,35,65,0,,,0,5,65,50,,,0,0,70,8,,,0,0,0,1,79,79,N,0.00,0.00,70,26,2,2,0,3191-3194,SLPT,,Y
7/1/2015,MC3-458,Mahogany Creek,167,FTRP11,SP,ST,60,40,0,,,45,55,0,,,0,18,43,38,,,0,3,70,7,,,0,0,0,1,82,87,N,0.00,0.00,20,15,35,20,0,3282-3285,SLPT,,Y
7/1/2015,MC3-458,Mahogany Creek,168,SSLS7,SP,ST,60,40,0,,,50,50,0,,,0,18,55,30,,,0,15,70,10,,,0,0,0,1,81,86,N,0.00,0.00,75,20,3,2,0,3286-3289,SLPT,,Y
7/1/2015,MC3-458,Mahogany Creek,169,FTRP12,SS,ST,60,40,0,,,50,50,0,,,0,25,25,40,,,0,15,78,15,,,0,0,0,1,69,80,N,0.00,0.00,25,15,25,35,0,3290-3293,SLPT,,Y
7/1/2015,MC3-458,Mahogany Creek,170,SSPL8,ST,ST,60,40,0,,,70,30,0,,,0,30,44,78,,,0,2,68,35,,,0,0,0,0,56,61,N,0.00,0.00,55,42,1,2,0,3294-3297,SLPT,,Y
7/15/2015,MC6-604,Mahogany Creek,271,SSLS1,SS,SS,5,80,15,,,10,85,5,,,0,0,80,10,,,0,15,5,15,,,0,0,0,0,96,96,N,2.00,0.00,85,10,5,0,0,0101-0104,SLPT2,,Y
7/15/2015,MC6-604,Mahogany Creek,272,FNRN1,SS,SS,20,75,5,,,0,90,10,,,0,0,95,10,,,0,5,10,5,,,0,0,0,0,98,98,N,1.50,0.50,50,40,10,0,0,0105-0108,SLPT2,,Y
7/15/2015,MC6-604,Mahogany Creek,273,FTRF2,SS,SS,25,75,0,,,10,75,15,,,0,5,95,5,,,0,15,5,10,,,0,0,0,1,98,98,Y,5.00,1.50,50,30,20,0,0,0109-0112,SLPT2,,Y
7/15/2015,MC6-604,Mahogany Creek,274,SSMC2,SS,SS,70,30,0,,,5,85,10,,,0,0,90,40,,,0,20,20,0,,,0,0,0,0,97,97,Y,2.50,0.00,75,25,0,0,0,0113-0116,SLPT2,,Y
7/15/2015,MC6-604,Mahogany Creek,275,SSLS3,SS,SS,30,60,10,,,10,85,5,,,0,10,80,5,,,0,30,5,10,,,0,0,0,0,94,94,N,0.00,3.00,80,20,0,0,0,0117-0120,SLPT2,,Y
7/15/2015,MC6-604,Mahogany Creek,276,FNRN3,SS,SS,30,60,10,,,20,75,5,,,0,30,65,10,,,0,15,30,10,,,0,0,0,1,92,92,N,1.50,1.00,50,40,10,0,0,0124-0127,SLPT2,,Y
7/15/2015,MC6-604,Mahogany Creek,277,SSMC4,SS,SS,40,55,5,,,15,82,3,,,0,50,40,10,,,0,40,60,5,,,0,0,0,2,99,99,N,0.50,1.50,85,15,0,0,0,0128-0131,SLPT2,,Y
7/15/2015,MC6-604,Mahogany Creek,278,FTRF4,SS,SS,30,65,5,,,35,55,10,,,0,30,40,10,,,0,5,45,5,,,0,0,0,2,89,89,N,3.00,8.50,45,50,5,0,0,0132-0135,SLPT2,,Y
7/15/2015,MC6-604,Mahogany Creek,279,SSLS5,SS,SS,50,50,0,,,35,60,5,,,0,45,0,5,,,0,20,80,10,,,0,0,0,0,96,96,N,2.00,0.00,85,15,0,0,0,0136-0139,SLPT2,,Y
7/15/2015,MC6-604,Mahogany Creek,280,FNRN5,SS,SS,35,60,5,,,40,60,0,,,0,70,0,0,,,0,25,80,3,,,0,0,0,1,87,87,N,3.00,5.00,55,45,0,0,0,0140-0143,SLPT2,,Y
7/15/2015,MC6-604,Mahogany Creek,281,SSLS6,SS,SS,70,30,0,,,30,70,0,,,0,30,0,5,,,0,10,85,5,,,0,0,0,1,94,94,N,3.50,0.00,90,10,0,0,0,0144-0147,SLPT2,,Y
7/15/2015,MC6-604,Mahogany Creek,282,FNRN6,SS,SS,55,40,5,,,30,65,5,,,0,80,0,15,,,0,20,70,10,,,0,0,0,1,85,85,Y,4.00,4.50,60,40,0,0,0,0148-0151,SLPT2,,Y
7/15/2015,MC6-604,Mahogany Creek,283,SSLS7,SS,SS,35,65,0,,,25,70,5,,,0,45,0,15,,,0,20,30,5,,,0,0,0,0,94,94,Y,3.00,0.00,75,25,0,0,0,0152-0155,SLPT2,,Y
7/15/2015,MC6-604,Mahogany Creek,284,FNRN7,SS,SS,5,95,0,,,25,75,0,,,0,50,0,15,,,0,5,85,5,,,0,0,0,1,93,93,N,0.00,4.00,55,45,0,0,0,0156-0159,SLPT2,,Y
7/15/2015,MC6-604,Mahogany Creek,285,SSLS8,SS,SS,10,90,0,,,30,70,0,,,0,25,0,5,,,0,0,75,10,,,0,0,0,1,99,99,Y,0.00,2.00,85,15,0,0,0,0160-0163,SLPT2,,Y
7/15/2015,MC6-604,Mahogany Creek,286,FNRN8,SS,SS,50,50,0,,,60,40,0,,,0,20,0,10,,,0,10,35,15,,,0,0,0,3,92,92,N,3.00,4.50,65,35,0,0,0,0164-0167,SLPT2,,Y
7/15/2015,MC6-604,Mahogany Creek,287,SSMC9,SS,SS,40,60,0,,,80,20,0,,,0,25,0,5,,,0,0,20,10,,,0,0,0,0,83,83,N,2.00,1.00,95,5,0,0,0,0168-0171,SLPT2,,Y
7/15/2015,MC6-604,Mahogany Creek,288,FNRN9,SS,SS,25,75,0,,,70,30,0,,,0,45,0,10,,,0,0,40,10,,,0,0,0,1,94,94,N,0.00,0.00,55,44,1,0,0,0172-0175,SLPT2,,Y
7/15/2015,MC6-604,Mahogany Creek,289,SSMC10,SS,SS,30,70,0,,,50,50,0,,,0,40,0,5,,,0,0,75,30,,,0,0,0,0,92,92,N,0.25,0.50,90,10,0,0,0,0176-0179,SLPT2,,Y
7/15/2015,MC6-604,Mahogany Creek,290,FNRN10,SS,SS,30,70,0,,,35,65,0,,,0,30,0,5,,,0,20,60,10,,,0,0,0,1,95,95,N,3.00,0.00,70,30,0,0,0,0180-0183,SLPT2,,Y
7/15/2015,MC7-733,Mahogany Creek,301,SSLS1,SS,SS,30,70,0,,,30,70,0,,,0,35,0,0,,,1,25,0,0,,,0,0,0,0,91,91,N,1.50,1.50,65,35,0,0,0,1529-1532,UNR,,Y
7/15/2015,MC7-733,Mahogany Creek,302,FTRF1,SS,SS,40,60,0,,,15,85,0,,,20,30,0,2,,,4,4,0,0,,,0,0,0,0,90,90,N,0.00,0.75,50,30,20,0,0,1533-1536,UNR,,Y
7/15/2015,MC7-733,Mahogany Creek,303,SSMC2,SS,SS,40,60,0,,,30,70,0,,,2,20,0,2,,,2,25,0,1,,,0,0,0,1,88,93,N,0.00,1.00,55,44,1,0,0,1537-1540,UNR,,Y
7/15/2015,MC7-733,Mahogany Creek,304,FNRN2,SS,SS,30,70,0,,,55,45,0,,,10,25,0,35,,,5,10,0,10,,,0,0,0,0,74,71,N,2.00,3.00,65,31,4,0,0,1541-1544,UNR,,Y
7/15/2015,MC7-733,Mahogany Creek,305,FTRF3,SS,SS,30,70,0,,,45,55,0,,,5,15,0,50,,,5,10,0,10,,,0,0,0,0,88,88,N,8.00,6.00,50,30,20,0,0,1545-1548,UNR,,Y
7/15/2015,MC7-733,Mahogany Creek,306,FNRN4,SS,SS,40,60,0,,,60,40,0,,,5,10,0,25,,,0,10,0,40,,,0,0,0,0,86,86,N,3.50,3.50,50,40,10,0,0,1549-1552,UNR,,Y
7/15/2015,MC7-733,Mahogany Creek,307,FTRF5,SS,SS,30,62,8,,,10,82,8,,,1,22,0,0,,,0,15,0,15,,,0,0,0,0,76,76,N,2.80,0.00,55,30,15,0,0,1553-1556,UNR,Ripe currants :),Y
7/15/2015,MC7-733,Mahogany Creek,308,SSLS3,SS,SS,30,65,5,,,25,72,3,,,2,55,0,2,,,2,2,0,40,,,0,0,0,0,77,83,N,0.00,2.00,65,25,10,0,0,1557-1560,UNR,,Y
7/15/2015,MC7-733,Mahogany Creek,309,FTRF6,SS,SS,50,47,3,,,40,57,3,,,2,55,0,0,,,5,10,0,40,,,0,0,0,1,87,87,N,10.00,1.50,35,25,40,0,0,1561-1564,UNR,,Y
7/15/2015,MC7-733,Mahogany Creek,310,SSMC4,SS,SS,40,58,2,,,40,59,1,,,2,30,0,5,,,5,10,0,40,,,0,0,0,0,87,87,N,0.50,1.00,55,30,15,0,0,1565-1568,UNR,,Y
7/15/2015,MC7-733,Mahogany Creek,311,FTRF7,SS,SS,50,48,2,,,35,63,2,,,2,80,0,10,,,10,7,0,50,,,0,0,0,0,87,92,N,0.00,7.00,35,50,15,0,0,1569-1572,UNR,Vole on bank.,Y
7/15/2015,MC7-733,Mahogany Creek,312,SSLS5,SS,SS,50,48,2,,,40,59,1,,,0,55,0,10,,,10,15,0,50,,,0,0,0,1,69,73,Y,0.75,0.50,60,35,5,0,0,1573-1576,UNR,,Y
7/16/2015,MC7-733,Mahogany Creek,313,FTRF8,SS,SS,35,60,5,,,40,55,5,,,10,15,0,50,,,25,15,0,50,,,0,0,0,1,57,67,N,4.00,2.00,45,35,15,5,0,1577-1580,UNR,,Y
7/16/2015,MC7-733,Mahogany Creek,314,SSPL6,SS,SS,50,49,1,,,70,30,0,,,0,10,0,30,,,10,25,0,50,,,0,0,0,1,60,64,N,0.50,0.00,60,39,1,0,0,1581-1584,UNR,,Y
7/16/2015,MC7-733,Mahogany Creek,315,FNRN9,SS,SS,50,49,1,,,65,30,5,,,0,60,0,20,,,5,20,0,50,,,0,0,0,2,85,87,N,3.00,6.70,69,30,1,0,0,1585-1588,UNR,,Y
7/16/2015,MC7-733,Mahogany Creek,316,SSLS7,SS,SS,50,49,1,,,65,30,5,,,0,60,0,20,,,1,10,0,50,,,0,0,0,1,90,93,N,1.00,3.00,70,25,5,0,0,1589-1592,UNR,,Y
7/16/2015,MC7-733,Mahogany Creek,317,FNRN10,SS,SS,40,55,5,,,65,30,5,,,1,60,0,10,,,0,30,0,40,,,0,0,0,1,81,81,N,5.00,9.00,75,25,0,0,0,1593-1596,UNR,,Y
7/16/2015,MC7-733,Mahogany Creek,318,FTRF11,SS,SS,50,49,1,,,60,38,2,,,0,65,0,20,,,0,70,0,10,,,0,0,0,1,85,86,N,4.00,4.00,60,39,1,0,0,1597-1600,UNR,,Y
7/16/2015,MC7-733,Mahogany Creek,319,SSPL8,SS,SS,65,35,0,,,60,30,0,,,5,0,0,50,,,0,70,0,10,,,0,0,0,0,60,60,N,0.50,2.50,85,10,5,0,0,1601-1604,UNR,,Y
7/16/2015,MC7-733,Mahogany Creek,320,FNSH12,SS,SS,65,35,0,,,49,50,1,,,5,20,0,40,,,0,70,0,10,,,0,0,0,0,85,88,N,0.50,0.50,0,0,0,0,100,1605-1608,UNR,Completely bedrock bottom.,Y
7/1/2015,MC4-15-1,Mahogany Creek,181,FTRF1,SP,SS,85,15,0,,,90,10,0,,,0,90,10,30,,,0,70,0,20,,,1,0,0,1,85,87,N,2.50,0.00,50,30,15,5,0,1229-1232,UNR,,Y
7/1/2015,MC4-15-1,Mahogany Creek,182,SSLS1,SP,SS,85,15,0,,,90,10,0,,,0,80,5,20,,,0,65,0,25,,,1,0,0,0,89,89,N,0.00,0.00,80,13,5,2,0,1233-1236,UNR,,Y
7/1/2015,MC4-15-1,Mahogany Creek,183,FTCC2,SS,SS,90,10,0,,,90,10,0,,,0,60,20,40,,,0,25,0,40,,,0,0,0,1,87,87,N,0.00,0.00,50,35,10,5,0,1248-1251,UNR,,Y
7/1/2015,MC4-15-1,Mahogany Creek,184,SSPL2,SS,SS,95,5,0,,,90,10,0,,,0,30,20,30,,,0,25,10,40,,,0,0,0,1,76,76,N,0.00,0.00,50,40,10,0,0,1241-1247,UNR,,Y
7/1/2015,MC4-15-1,Mahogany Creek,185,FTCC3,SS,SS,90,10,0,,,95,5,0,,,0,0,0,55,,,0,40,20,35,,,0,0,0,0,78,78,N,0.00,0.00,50,20,15,15,0,1248-1251,UNR,,Y
7/2/2015,MC4-15-1,Mahogany Creek,186,SSPL3,SS,SS,95,5,0,,,100,0,0,,,0,10,40,50,,,0,0,15,60,,,0,0,0,0,92,92,N,0.00,0.00,70,20,5,5,0,1252-1255,UNR,,Y
7/2/2015,MC4-15-1,Mahogany Creek,187,FTCC4,SS,SS,95,5,0,,,90,10,0,,,0,0,15,40,,,0,0,15,30,,,0,0,0,0,96,96,N,0.00,0.00,35,25,20,0,20,1257-1260,UNR,,Y
7/2/2015,MC4-15-1,Mahogany Creek,188,SSPL4,SS,SS,70,30,0,,,85,15,0,,,0,10,20,40,,,0,15,20,20,,,0,0,0,1,97,97,N,0.00,0.00,70,20,10,0,0,1262-1267,UNR,,Y
7/2/2015,MC4-15-1,Mahogany Creek,189,FTRP5,SS,SS,80,20,0,,,75,25,0,,,0,20,15,30,,,0,20,0,30,,,0,0,0,0,18,62,N,0.00,0.00,60,15,15,0,0,1268-1271,UNR,,Y
7/2/2015,MC4-15-1,Mahogany Creek,190,FTRF6,SS,SS,85,15,0,,,80,20,0,,,0,0,0,0,,,0,0,0,0,,,0,0,0,0,0,53,N,0.00,0.00,50,30,10,10,0,1274-1279,UNR,,Y
7/2/2015,MC4-15-1,Mahogany Creek,191,SDOT5,SS,SS,80,20,0,,,85,15,0,,,70,0,0,20,,,75,0,0,10,,,0,0,0,0,11,61,N,0.00,0.00,60,15,15,10,0,1283-1286,UNR,,Y
7/2/2015,MC4-15-1,Mahogany Creek,192,SSMC6,SS,SS,75,25,0,,,80,20,0,,,80,0,0,20,,,60,0,0,15,,,0,0,0,0,11,41,N,0.00,0.00,70,15,15,0,0,1287-1290,UNR,,Y
7/2/2015,MC4-15-1,Mahogany Creek,193,FTRF7,SS,SS,70,30,0,,,90,10,0,,,5,0,0,50,,,1,0,40,30,,,0,0,0,0,50,55,N,0.00,0.00,80,10,9,1,0,1291-1294,UNR,,Y
7/16/2015,MC4-15-1,Mahogany Creek,194,SSMC7,SS,SS,70,30,0,,,95,5,0,,,5,0,0,50,,,0,10,25,50,,,1,0,0,1,40,44,N,0.00,0.00,90,5,4,1,0,1609-1612,UNR,Didn't count canyon wall as substrate.,Y
7/16/2015,MC4-15-1,Mahogany Creek,195,FTRF8,SS,SP,70,30,0,,,95,5,0,,,5,0,0,50,,,0,0,30,50,,,2,0,0,0,59,69,N,0.00,0.00,70,25,5,0,0,1613-1616,UNR,,Y
7/16/2015,MC4-15-1,Mahogany Creek,196,FNRN9,SS,ST,70,30,0,,,97,3,0,,,5,0,10,50,,,0,0,50,70,,,1,0,0,0,47,51,N,0.00,0.50,95,4,1,0,0,1617-1620,UNR,,Y
7/16/2015,MC4-15-1,Mahogany Creek,197,FTRF10,ST,ST,70,30,0,,,92,8,0,,,5,0,30,50,,,0,0,50,70,,,1,0,0,0,89,92,N,9.00,10.00,68,30,1,1,0,1621-1624,UNR,,Y
7/16/2015,MC4-15-1,Mahogany Creek,198,FNRN11,SP,ST,70,30,0,,,92,8,0,,,20,0,40,30,,,0,0,60,80,,,1,0,0,2,94,94,N,1.00,5.00,90,10,0,0,0,1625-1628,UNR,,Y
7/16/2015,MC4-15-1,Mahogany Creek,199,FTRF12,SP,ST,70,30,0,,,90,10,0,,,0,20,60,50,,,0,5,60,70,,,0,0,0,1,81,83,N,0.00,0.00,70,30,0,0,0,1629-1632,UNR,,Y
7/16/2015,MC4-15-1,Mahogany Creek,200,SSMC8,SP,ST,70,30,0,,,90,10,0,,,0,40,60,50,,,0,10,50,50,,,0,0,0,1,92,92,N,0.00,0.00,90,10,0,0,0,1633-1636,UNR,,Y
7/16/2015,MC8-15-3,Mahogany Creek,391,FTCC1,ST,SP,70,30,0,,,50,50,0,,,0,0,78,1,,,0,0,75,1,,,1,0,0,0,87,87,N,2.00,0.00,40,34,24,2,0,0184-0187,SLPT2,,Y
7/16/2015,MC8-15-3,Mahogany Creek,392,FTRP2,ST,ST,70,30,0,,,60,40,0,,,0,0,89,5,,,0,0,72,4,,,1,0,0,2,88,88,N,4.00,10.00,45,37,16,2,0,0188-0191,SLPT2,,Y
7/16/2015,MC8-15-3,Mahogany Creek,393,FTRF3,ST,ST,65,35,0,,,63,37,0,,,0,0,85,16,,,1,0,70,3,,,0,0,0,3,86,86,N,3.00,9.00,50,31,19,0,0,0192-0195,SLPT2,,Y
7/16/2015,MC8-15-3,Mahogany Creek,394,SSPL1,SS,SP,70,30,0,,,75,25,0,,,0,0,80,7,,,0,0,90,1,,,0,0,0,1,88,88,N,0.00,0.00,79,15,1,5,0,0196-0200,SLPT2,,Y
7/16/2015,MC8-15-3,Mahogany Creek,395,FTRP4,ST,SP,70,30,0,,,76,23,1,,,0,0,60,35,,,1,0,85,5,,,0,2,0,4,95,95,N,5.00,2.00,50,31,18,1,0,0201-0204,SLPT2,,Y
7/16/2015,MC8-15-3,Mahogany Creek,396,SSMC2,SP,SP,65,35,0,,,80,20,0,,,0,0,35,20,,,0,0,80,1,,,0,0,0,0,97,97,N,0.00,0.00,79,15,6,0,0,0205-0208,SLPT2,"Photos out of order - standing positions = LB, RB, Top, Bottom",Y
7/16/2015,MC8-15-3,Mahogany Creek,397,FTRP5,SP,SP,75,25,0,,,80,20,0,,,0,0,90,15,,,0,0,90,15,,,4,1,1,10,89,89,N,3.50,4.50,50,40,9,1,0,0209-0212,SLPT2,,Y
7/16/2015,MC8-15-3,Mahogany Creek,398,SSLS3,SS,SS,75,25,0,,,70,30,0,,,0,0,90,7,,,0,0,90,3,,,0,0,0,1,86,86,N,0.00,1.00,70,27,3,0,0,0213-0216,SLPT2,,Y
7/16/2015,MC8-15-3,Mahogany Creek,399,FTRP6,ST,SS,80,20,0,,,84,16,0,,,0,0,90,2,,,0,0,90,10,,,0,0,0,0,98,98,N,1.00,2.00,55,30,12,3,0,0217-0220,SLPT2,,Y
7/16/2015,MC8-15-3,Mahogany Creek,400,SSMC4,SP,SS,80,20,0,,,80,20,0,,,0,0,90,1,,,0,0,90,8,,,0,0,0,0,94,94,N,0.50,0.00,75,20,5,0,0,0221-0224,SLPT2,,Y
7/16/2015,MC8-15-3,Mahogany Creek,401,FTRP7,ST,SS,60,40,0,,,70,30,0,,,0,0,85,3,,,0,0,90,10,,,4,1,1,8,85,85,N,5.50,4.50,60,30,9,1,0,0225-0228,SLPT2,,Y
7/16/2015,MC8-15-3,Mahogany Creek,402,FTRF8,SP,SP,55,44,1,,,60,40,0,,,0,0,85,16,,,0,0,90,10,,,0,0,0,1,70,70,N,0.00,0.00,60,30,10,0,0,0229-0232,SLPT2,,Y
7/16/2015,MC8-15-3,Mahogany Creek,403,FTRP9,SP,SP,70,30,0,,,60,40,0,,,0,0,88,25,,,0,0,88,15,,,5,2,0,5,77,77,N,8.00,0.00,55,35,9,1,0,0233-0237,SLPT2,,Y
7/16/2015,MC8-15-3,Mahogany Creek,404,FTRP10,SS,SS,30,60,10,,,25,65,10,,,0,0,45,15,,,2,0,75,15,,,,5,2,3,83,83,N,23.50,14.50,63,27,10,0,0,0302-0305,SLPT2,,Y
7/21/2015,MC8-15-3,Mahogany Creek,405,SSMC5,SS,SS,60,40,0,,,50,49,1,,,0,0,40,25,,,0,0,60,5,,,0,0,0,0,86,86,N,1.00,1.00,80,20,0,0,0,0306-0309,SLPT2,,Y
7/21/2015,MC8-15-3,Mahogany Creek,406,FTRP11,SS,SS,35,63,2,,,60,39,1,,,0,0,80,10,,,0,0,75,10,,,2,1,,5,84,84,N,7.00,1.25,65,25,10,0,0,0310-0313,SLPT2,,Y
7/21/2015,MC8-15-3,Mahogany Creek,407,SSPL6,SS,SS,42,55,3,,,60,39,1,,,0,0,90,5,,,0,0,70,5,,,0,0,0,0,93,93,N,1.19,0.25,85,10,5,0,0,0314-0317,SLPT2,,Y
7/21/2015,MC8-15-3,Mahogany Creek,408,FTRP12,SS,SS,50,45,5,,,65,34,1,,,0,0,84,25,,,1,0,70,20,,,0,0,1,3,94,94,N,14.50,2.00,55,34,10,1,0,0318-0321,SLPT2,,Y
7/21/2015,MC8-15-3,Mahogany Creek,409,FTRP13,SS,SS,45,50,5,,,60,39,1,,,0,0,90,30,,,0,0,70,50,,,5,1,0,7,94,94,N,15.00,7.00,60,29,10,1,0,0322-0325,SLPT2,,Y
7/21/2015,MC8-15-3,Mahogany Creek,410,SSPL7,SS,SS,45,52,3,,,55,44,1,,,0,0,60,45,,,0,0,75,40,,,0,1,0,0,88,88,N,1.19,0.25,70,20,10,0,0,0326-0329,SLPT2,,Y
7/22/2015,MC7-787,Mahogany Creek,461,SSMC1,SS,SS,60,35,5,,,50,45,5,,,0,0,85,0,,,0,0,70,0,,,0,0,0,0,80,80,N,2.00,0.00,75,15,10,0,0,406-409,SLPT2,,Y
7/22/2015,MC7-787,Mahogany Creek,462,FTRP1,SS,SS,65,30,5,,,60,30,10,,,0,20,15,10,,,0,0,80,5,,,1,0,0,1,74,74,N,14.00,5.00,50,35,10,5,0,410-413,SLPT2,,Y
7/22/2015,MC7-787,Mahogany Creek,463,SSMC2,SS,SS,60,30,10,,,40,55,5,,,0,0,70,0,,,1,15,0,0,,,0,0,0,0,71,71,N,1.00,0.00,60,30,9,1,0,414-417,SLPT2,,Y
7/22/2015,MC7-787,Mahogany Creek,464,FTRP2,SS,SS,55,50,5,,,45,45,10,,,0,0,80,5,,,2,20,0,0,,,0,0,0,1,72,72,N,3.00,0.00,50,35,10,5,0,418-421,SLPT2,,Y
7/22/2015,MC7-787,Mahogany Creek,465,SSMC3,SS,SS,40,50,10,,,35,60,5,,,0,0,80,5,,,3,15,0,0,,,0,0,0,0,83,83,N,0.00,0.00,60,35,5,0,0,422-425,SLPT2,,Y
7/22/2015,MC7-787,Mahogany Creek,466,FTRP3,SS,GF,60,35,5,,,35,50,15,,,0,0,90,10,,,0,10,0,0,,,0,0,0,1,90,90,N,3.00,0.00,50,25,0,15,0,426-429,SLPT2,,Y
7/22/2015,MC7-787,Mahogany Creek,467,FTRF4,SS,SS,20,70,10,,,25,70,5,,,0,5,40,10,,,15,0,0,30,,,0,0,0,1,96,96,N,2.00,1.00,55,25,17,3,0,430-433,SLPT2,,Y
7/22/2015,MC7-787,Mahogany Creek,468,SSLS4,SS,SS,65,30,5,,,60,30,10,,,0,45,20,0,,,5,60,0,0,,,0,0,0,1,76,76,N,0.50,0.00,80,20,0,0,0,434-437,SLPT2,,Y
7/22/2015,MC7-787,Mahogany Creek,469,FTRF5,SS,SS,50,45,5,,,40,50,10,,,10,20,15,10,,,0,15,0,0,,,0,0,0,4,84,84,N,0.00,2.00,50,40,10,0,0,438-441,SLPT2,,Y
7/22/2015,MC7-787,Mahogany Creek,470,SSLS5,SS,SS,45,50,5,,,60,35,5,,,0,50,35,10,,,5,20,0,15,,,0,0,0,1,93,93,N,0.00,1.00,80,15,5,0,0,442-445,SLPT2,,Y
7/22/2015,MC7-787,Mahogany Creek,471,FTRF6,SS,SS,30,60,10,,,25,65,10,,,0,15,60,5,,,10,20,0,15,,,0,0,0,0,86,86,N,1.50,4.00,35,25,20,0,0,482-485,SLPT2,,Y
7/28/2015,MC7-787,Mahogany Creek,472,FNRN7,SS,SS,30,65,5,,,60,35,5,,,0,70,0,5,,,2,5,0,15,,,0,0,0,0,85,85,N,0.00,0.50,55,40,5,0,0,486-489,SLPT2,,Y
7/28/2015,MC7-787,Mahogany Creek,473,FTRF8,SS,GF,30,60,10,,,50,45,5,,,1,60,15,10,,,1,10,10,5,,,0,0,0,3,85,85,N,8.00,2.00,50,34,15,1,0,480-493,SLPT2,,Y
7/28/2015,MC7-787,Mahogany Creek,474,SSLS6,SS,SS,30,60,10,,,45,50,5,,,0,8,30,10,,,0,5,20,0,,,0,0,0,1,87,87,N,0.75,0.00,70,25,5,0,0,494-497,SLPT2,,Y
7/28/2015,MC7-787,Mahogany Creek,475,FTRP9,SS,SS,50,35,15,,,50,40,10,,,0,40,5,10,,,0,30,15,0,,,0,0,0,0,71,71,N,0.00,0.00,55,40,5,0,0,498-501,SLPT2,,Y
7/28/2015,MC7-787,Mahogany Creek,476,SSMC7,SS,SS,45,50,5,,,35,60,5,,,0,10,0,5,,,0,20,15,0,,,0,0,0,0,83,83,N,0.00,1.00,75,15,10,0,0,502-505,SLPT2,,Y
7/28/2015,MC7-787,Mahogany Creek,477,FTRP10,SS,SS,65,40,5,,,60,35,5,,,0,20,10,10,,,0,15,25,5,,,0,0,0,3,86,86,N,8.00,5.00,50,35,15,0,0,506-509,SLPT2,,Y
7/28/2015,MC7-787,Mahogany Creek,478,FTRF11,SS,SS,40,50,10,,,50,45,5,,,0,15,40,25,,,2,25,60,5,,,1,0,0,2,65,65,N,4.00,2.00,50,35,15,0,0,510-513,SLPT2,,Y
7/28/2015,MC7-787,Mahogany Creek,479,SSLS8,SS,SS,45,45,10,,,50,45,5,,,0,0,75,10,,,0,0,60,0,,,0,0,0,1,87,87,N,1.50,0.00,80,20,0,0,0,514-517,SLPT2,,Y
7/28/2015,MC7-787,Mahogany Creek,480,FTRF12,SS,SS,35,50,15,,,30,60,10,,,0,5,80,10,,,0,10,75,0,,,2,0,0,3,90,90,N,2.00,5.00,50,30,15,5,0,518-521,SLPT2,,Y
7/20/2015,MC1-013,Mahogany Creek,1000,FTRF1,GF,GF,0,45,55,,,5,95,0,,,0,0,0,0,,,0,0,0,0,,,0,0,0,0,12,12,N,0.50,0.50,80,20,0,0,0,0255-0258,SLPT,,
7/20/2015,MC1-013,Mahogany Creek,1001,FNRN2,GF,GF,15,80,5,,,10,85,5,,,0,0,0,0,,,0,0,0,0,,,0,0,0,0,20,20,Y,2.00,1.50,70,30,0,0,0,0259-0262,SLPT,,
7/20/2015,MC1-013,Mahogany Creek,1002,FTRF3,GF,GF,10,90,0,,,15,85,0,,,0,0,0,0,,,0,0,0,0,,,0,0,0,0,10,10,N,2.00,0.00,65,35,0,0,0,0263-0266,SLPT,,
7/20/2015,MC1-013,Mahogany Creek,1003,SSMC1,GF,GF,15,80,5,,,5,87,8,,,0,0,0,0,,,0,0,0,0,,,0,0,0,0,16,16,N,1.50,0.00,75,25,0,0,0,0267-0270,SLPT,,
7/20/2015,MC1-013,Mahogany Creek,1004,FNRN4,GF,GF,10,90,0,,,15,85,0,,,0,0,0,0,,,0,0,0,0,,,0,0,0,0,13,13,Y,0.00,0.00,80,20,0,0,0,0271-0274,SLPT,,
7/20/2015,MC1-013,Mahogany Creek,1005,FTRF5,GF,GF,13,80,7,,,15,80,5,,,0,0,0,0,,,0,0,0,0,,,0,0,0,0,10,10,N,1.50,0.50,75,25,0,0,0,0275-0278,SLPT,,
7/20/2015,MC1-013,Mahogany Creek,1006,FNRN6,GF,GF,20,80,0,,,15,85,0,,,0,0,0,0,,,0,0,0,0,,,0,0,0,0,17,17,,0.00,0.00,85,15,0,0,0,0279-0282,SLPT,,
7/20/2015,MC1-013,Mahogany Creek,1007,FTRF7,GF,GF,10,90,0,,,5,95,0,,,0,0,0,0,,,0,0,0,0,,,0,0,0,0,17,17,,1.50,0.00,85,15,0,0,0,0283-0286,SLPT,,
7/20/2015,MC1-013,Mahogany Creek,1008,FNRN8,GF,GF,12,85,3,,,15,82,3,,,0,0,0,0,,,0,0,0,0,,,0,0,0,0,13,13,N,0.00,0.00,85,15,0,0,0,0287-0290,SLPT,,
7/20/2015,MC1-013,Mahogany Creek,1009,FTRF9,GF,GF,10,85,5,,,10,80,10,,,0,0,0,0,,,0,0,0,0,,,0,0,0,0,33,33,N,0.00,0.50,70,30,0,0,0,0291-0294,SLPT,,
7/20/2015,MC1-013,Mahogany Creek,1010,FNRN10,GF,GF,5,85,10,,,10,75,15,,,0,0,0,0,,,0,0,0,0,,,0,0,0,0,11,11,N,0.00,0.00,80,20,0,0,0,0295-0298,SLPT,,
7/20/2015,MC1-013,Mahogany Creek,1011,FTRF11,GF,GF,10,85,5,,,15,80,5,,,0,0,0,0,,,0,0,0,0,,,0,0,0,0,15,15,N,0.00,0.00,75,25,0,0,0,459-462,SLPT,,
7/20/2015,MC1-013,Mahogany Creek,1012,FNRN12,GF,GF,5,90,5,,,10,85,5,,,0,0,0,0,,,0,0,0,0,,,0,0,0,0,10,10,N,0.00,0.00,80,20,0,0,0,463-466,SLPT,,
7/20/2015,MC1-013,Mahogany Creek,1013,SSMC2,GF,GF,13,72,15,,,13,72,15,,,0,0,0,0,,,0,0,0,0,,,0,0,0,0,5,5,N,0.00,0.00,90,10,0,0,0,467-470,SLPT,,
7/20/2015,MC1-013,Mahogany Creek,1014,FTRF13,GF,GF,10,85,5,,,10,80,10,,,0,0,0,0,,,0,0,0,0,,,0,0,0,0,11,11,N,0.00,0.00,75,25,0,0,0,471-474,SLPT,,
7/20/2015,MC1-013,Mahogany Creek,1015,FNRN14,GF,GF,5,90,5,,,0,90,10,,,0,0,0,0,,,0,0,0,0,,,0,0,0,0,3,3,N,0.00,0.00,85,15,0,0,0,475-478,SLPT,,
7/23/2015,MC1-013,Mahogany Creek,1016,FTRF15,GF,GF,8,80,12,,,5,90,5,,,0,0,0,0,,,0,0,0,0,,,0,0,0,0,8,8,N,0.00,0.00,70,30,0,0,0,479-482,SLPT,,
7/23/2015,MC1-013,Mahogany Creek,1017,SSLS3,GF,GF,3,90,7,,,5,85,10,,,0,0,0,0,,,0,0,0,0,,,0,0,0,0,3,3,N,0.00,0.00,95,5,0,0,0,483-486,SLPT,,
7/23/2015,MC1-013,Mahogany Creek,1018,FNRN16,GF,GF,10,,,,,10,,,,,0,0,0,0,,,0,0,0,0,,,0,0,0,0,7,7,N,0.00,0.00,80,20,0,0,0,487-490,SLPT,,
7/23/2015,MC1-013,Mahogany Creek,1019,SSMC4,GF,GF,5,80,15,,,10,80,10,,,0,0,0,0,,,0,0,0,0,,,0,0,0,0,4,4,N,0.00,0.00,85,15,0,0,0,491-494,SLPT,,
7/21/2015,MC8-15-4,Mahogany Creek,421,SSMC1,SS,SS,65,35,0,,,50,50,0,,,0,0,70,1,,,0,0,50,5,,,0,0,0,0,91,91,N,0.68,0.20,70,20,10,0,0,320-323,SLPT,Rock undercut on right bank,
7/21/2015,MC8-15-4,Mahogany Creek,422,SSMC2,SS,SS,65,35,0,,,50,50,0,,,0,0,70,0,,,0,0,50,5,,,0,0,0,1,87,87,N,1.25,0.30,70,20,10,0,0,324-327,SLPT,,
7/21/2015,MC8-15-4,Mahogany Creek,423,FTRP1,SS,SS,60,39,1,,,50,50,0,,,0,0,50,0,,,0,0,50,5,,,2,0,0,2,53,53,N,11.00,6.00,60,25,10,5,0,328-331,SLPT,,
7/21/2015,MC8-15-4,Mahogany Creek,424,SSLS3,SS,SS,45,55,0,,,50,50,0,,,0,0,50,0,,,0,0,60,5,,,0,0,0,0,77,77,N,0.84,0.00,55,44,1,0,0,332-335,SLPT,,
7/21/2015,MC8-15-4,Mahogany Creek,425,FTRP2,SS,SS,50,50,0,,,40,60,0,,,0,0,50,0,,,0,0,60,0,,,0,0,0,2,73,73,N,1.50,2.00,60,28,10,2,0,336-339,SLPT,,
7/21/2015,MC8-15-4,Mahogany Creek,426,SSMC4,SS,SS,65,35,0,,,40,60,0,,,0,0,60,0,,,0,0,50,0,,,0,0,0,0,62,62,N,0.00,0.80,80,17,3,0,0,340-343,SLPT,,
7/21/2015,MC8-15-4,Mahogany Creek,427,FTRP3,SS,SS,55,45,0,,,50,50,0,,,0,0,50,15,,,0,0,70,5,,,0,0,0,0,88,88,N,1.50,1.50,50,30,10,10,0,344-347,SLPT,,
7/21/2015,MC8-15-4,Mahogany Creek,428,FNRN4,SS,SS,65,35,0,,,60,40,0,,,0,0,70,10,,,0,0,80,10,,,0,0,0,1,84,84,N,0.00,2.10,70,20,4,1,0,348-351,SLPT,,
7/21/2015,MC8-15-4,Mahogany Creek,429,FTRP5,SS,SS,45,55,0,,,60,40,0,,,0,0,80,15,,,0,0,75,5,,,0,0,0,1,89,89,N,0.00,0.00,70,24,5,1,0,352-355,SLPT,,
7/21/2015,MC8-15-4,Mahogany Creek,430,SSMC5,SS,SS,55,45,0,,,60,40,0,,,0,0,85,10,,,0,0,18,5,,,0,0,0,1,94,94,N,1.20,0.50,80,15,5,0,0,356-359,SLPT,,
7/21/2015,MC8-15-4,Mahogany Creek,431,FTRF6,SS,SS,60,40,0,,,75,25,0,,,0,0,90,0,,,0,0,85,5,,,0,1,0,4,83,83,N,0.00,4.00,60,25,10,5,0,360-363,SLPT,,
7/21/2015,MC8-15-4,Mahogany Creek,432,SSMC6,SS,SS,50,50,0,,,60,40,0,,,0,0,50,10,,,0,0,70,5,,,0,0,0,1,86,86,N,0.00,0.90,85,10,5,0,0,364-367,SLPT,,
7/21/2015,MC8-15-4,Mahogany Creek,433,SSMC7,SS,SS,35,65,0,,,55,45,0,,,0,0,70,5,,,0,0,60,0,,,0,0,0,1,90,90,N,0.90,0.00,90,5,5,0,0,368-371,SLPT,,
7/21/2015,MC8-15-4,Mahogany Creek,434,FTRP7,SS,SS,55,45,0,,,60,40,0,,,0,0,80,5,,,0,0,70,0,,,0,0,0,1,94,94,N,0.00,0.00,60,32,7,1,0,372-376,SLPT,,
7/21/2015,MC8-15-4,Mahogany Creek,435,FTRP8,SS,SS,40,60,0,,,50,50,0,,,0,0,78,5,,,0,0,70,0,,,0,0,0,1,87,87,N,4.00,0.00,,,,,0,377-385,SLPT,No water,
7/21/2015,MC8-15-4,Mahogany Creek,436,FTRP9,SS,SS,60,40,0,,,65,35,0,,,0,0,70,5,,,0,0,50,0,,,0,0,0,1,80,80,N,0.00,0.00,55,40,4,1,0,386-389,SLPT,,
7/21/2015,MC8-15-4,Mahogany Creek,437,SSMC8,SS,SS,45,55,0,,,60,40,0,,,0,0,50,0,,,0,0,40,10,,,0,0,0,0,90,90,N,0.00,0.50,70,20,10,0,0,390-393,SLPT,,
7/21/2015,MC8-15-4,Mahogany Creek,438,FTRP10,SS,SS,60,40,0,,,35,65,0,,,0,0,80,5,,,0,0,60,15,,,0,0,0,0,90,90,N,0.50,0.00,50,35,10,5,0,394-397,SLPT,,
7/21/2015,MC8-15-4,Mahogany Creek,439,SSLS9,SS,SS,50,50,0,,,60,40,0,,,0,0,85,5,,,0,0,80,10,,,0,0,0,0,91,91,N,1.00,0.00,85,10,4,1,0,398-401,SLPT,,
7/21/2015,MC8-15-4,Mahogany Creek,440,SSMC10,SS,SS,70,30,0,,,60,40,0,,,0,0,75,5,,,0,0,80,5,,,0,0,0,0,100,100,N,0.75,0.00,70,20,3,2,0,402-405,SLPT,,