Forest,State,Date,Stream Name,Reach..,SO,Channel Unit and Type,Time,Air temp (°C),H20 temp (°C),DO (mg/L),%Sat,pH,EC (µS),Jump height,Unit Length (m),Wetted Width (m),H20 Dep.1   25% (m),H20 Dep.2    50% (m),H20 Dep.3    75% (m),Max H20 Depth (m),BF  Width (m),BF Dep. 1 25% (m),"BF Dep. 2, 50% (m)","BF Dep. 3, 75% (m)",BF Max Dep (m),BF Dep. Above H20 (m),Flood Prone Width (m),Pool Crest Depth (BF) (m),Formed By,Left Length (m),Right Length (m),Total Length (m),Incis. depth LB (m),Incis. Depth RB (m),YSI,QAQC:Data proofed?,Notes
,,Channel Unit Form,,,,,,,,,,,,,,,,,,,,,,,,,,,,,,,,,,,
,,Channel Units (m),,,,,,,,,,,,,,,,  ,,,,,,,,,,,,Unstable Banks (m),,,,,,,
,,All Units,,,,,,,,,,,,,,,,,,,,,,,,,,Slow Only,,All Units,,,,,,,
Inyo,CA,6/16/2015,Mahogany Creek,MC1-116,1,SSLS1,1137,23,13.39,9.09,87.0,7.17,0.099,NA,3.60,1.60,0.30,0.35,0.20,0.27,5.10,0.48,0.13,0.10,0.51,0.24,47.00,0.41,SB,1.00,0,1.00,0.23,0,SLPT,Y,
Inyo,CA,6/16/2015,Mahogany Creek,MC1-116,2,FNRN1,1307,25,15.58,8.88,89.2,7.27,0.098,NA,3.05,1.60,0.03,0.06,0.19,0.17,2.20,0.27,0.41,0.13,0.41,0.24,50.00,NA,NA,0.00,0,0.00,0,0,SLPT,Y,
Inyo,CA,6/16/2015,Mahogany Creek,MC1-116,3,SSMC2,1320,25,15.72,8.73,87.8,7.41,0.098,NA,3.10,0.80,0.24,0.26,0.25,0.27,1.30,0.14,0.45,0.44,0.48,0.21,50.00,0.45,SUB,0.00,0,0.00,0,0,SLPT,Y,SUB = substrate.
Inyo,CA,6/16/2015,Mahogany Creek,MC1-116,4,FNRN2,1339,25,16.17,8.95,90.8,7.46,0.098,NA,10.40,0.68,0.02,0.17,0.13,0.23,2.00,0.30,0.08,0.08,0.39,0.16,50.00,NA,NA,0.00,0,0.00,0,0,SLPT,Y,
Inyo,CA,6/16/2015,Mahogany Creek,MC1-116,5,FTRF3,1359,25,16.52,8.41,86.1,7.35,0.098,NA,3.00,1.30,0.11,0.11,0.10,0.17,2.70,0.21,0.39,0.38,0.44,0.27,50.00,NA,NA,0.00,0,0.00,0,0,SLPT,Y,
Inyo,CA,6/16/2015,Mahogany Creek,MC1-116,6,FNRN4,1419,26,16.96,8.17,84.4,7.44,0.098,NA,11.50,0.91,0.18,0.21,0.18,0.27,2.30,0.17,0.29,0.39,0.45,0.18,50.00,NA,NA,0.00,0,0.00,0,0,SLPT,Y,
Inyo,CA,6/16/2015,Mahogany Creek,MC1-116,7,FTRF5,1432,26,17.29,8.28,86.3,7.37,0.098,NA,1.80,1.09,0.08,0.14,0.06,0.31,3.00,0.12,0.09,0.10,0.50,0.19,60.00,NA,NA,0.00,0,0.00,0,0,SLPT,Y,
Inyo,CA,6/16/2015,Mahogany Creek,MC1-116,8,SSLS3,1447,26,17.46,8.14,85.1,7.36,0.098,NA,1.20,0.98,0.16,0.20,0.13,0.22,3.05,0.40,0.14,0.11,0.40,0.18,60.00,0.25,SB,0.56,0,0.56,0.29,0,SLPT,Y,
Inyo,CA,6/16/2015,Mahogany Creek,MC1-116,9,FNRN6,1457,26,17.59,8.21,86.1,7.40,0.098,NA,9.70,1.29,0.16,0.19,0.17,0.26,2.00,0.47,0.34,0.25,0.51,0.25,60.00,NA,NA,0.54,0,0.54,0.23,0,SLPT,Y,
Inyo,CA,6/16/2015,Mahogany Creek,MC1-116,10,SSLS4,1705,25,18.02,7.15,75.4,7.18,0.099,NA,2.80,0.94,0.29,0.40,0.44,0.46,0.97,0.39,0.45,0.44,0.46,0.05,60.00,0.32,SB,0.00,0,0.00,0,0,SLPT,Y,
Inyo,CA,6/16/2015,Mahogany Creek,MC1-116,11,FNRN7,1729,24,18.03,6.97,73.4,7.08,0.098,NA,16.60,0.79,0.13,0.18,0.20,0.37,2.70,0.11,0.18,0.40,0.57,0.20,60.00,NA,NA,0.00,0,0.00,0,0,SLPT,Y,
Inyo,CA,6/16/2015,Mahogany Creek,MC1-116,12,SSLS5,1745,24,17.93,6.51,68.7,7.03,0.098,NA,4.10,1.82,0.13,0.25,0.36,0.37,3.55,0.12,0.32,0.59,0.57,0.20,60.00,0.34,SB,0.00,0,0.00,0,0,SLPT,Y,
Inyo,CA,6/16/2015,Mahogany Creek,MC1-116,13,FNRN8,1800,23,17.87,6.54,69.2,6.99,0.098,NA,4.95,0.69,0.21,0.18,0.14,0.33,1.80,0.26,0.19,0.10,0.50,0.17,55.00,NA,NA,0.00,0,0.00,0,0,SLPT,Y,
Inyo,CA,6/16/2015,Mahogany Creek,MC1-116,14,FNRN9,1805,23,17.81,6.26,65.8,6.98,0.098,NA,11.40,0.60,0.25,0.25,0.21,0.32,2.10,0.44,0.13,0.10,0.52,0.20,55.00,NA,NA,0.00,0,0.00,0,0,SLPT,Y,
Inyo,CA,6/17/2015,Mahogany Creek,MC1-116,15,SSLS6,704,13,,,,,,NA,3.60,0.60,0.26,0.33,0.34,0.36,2.20,0.11,0.11,0.22,0.56,0.20,55.00,0.43,SB,0.00,0,0.00,0,0,SLPT,Y,YSI battery died - water quality not collected
Inyo,CA,6/17/2015,Mahogany Creek,MC1-116,16,FNRN10,711,13,,,,,,NA,3.90,0.70,0.11,0.23,0.27,0.26,1.70,0.10,0.25,0.45,0.47,0.21,55.00,NA,NA,0.00,0,0.00,0,0,SLPT,Y,YSI battery died - water quality not collected
Inyo,CA,6/17/2015,Mahogany Creek,MC1-116,17,SSLS7,731,15,,,,,,NA,4.10,1.20,0.31,0.34,0.23,0.35,2.60,0.08,0.24,0.45,0.53,0.18,55.00,0.43,SB,0.00,0,0.00,0,0,SLPT,Y,YSI battery died - water quality not collected
Inyo,CA,6/17/2015,Mahogany Creek,MC1-116,18,FNRN11,738,16,,,,,,NA,6.80,0.86,0.27,0.21,0.15,0.34,2.60,0.46,0.26,0.13,0.55,0.21,55.00,NA,NA,0.00,0,0.00,0,0,SLPT,Y,YSI battery died - water quality not collected
Inyo,CA,6/17/2015,Mahogany Creek,MC1-116,19,SSMC8,751,16,,,,,,NA,14.80,0.47,0.39,0.44,0.39,0.44,2.90,0.09,0.50,0.17,0.67,0.23,55.00,0.41,SB,0.00,0,0.00,0,0,SLPT,Y,YSI battery died - water quality not collected
Inyo,CA,6/17/2015,Mahogany Creek,MC1-116,20,FNRN12,803,17,,,,,,NA,9.20,0.64,0.23,0.24,0.23,0.26,2.20,0.10,0.41,0.46,0.48,0.22,55.00,NA,NA,0.00,0,0.00,0,0,SLPT,Y,YSI battery died - water quality not collected
Inyo,CA,6/17/2015,Mahogany Creek,MC1-206,31,SSLS1,1112,25,13.50,9.03,86.1,7.34,0.101,NA,5.80,1.80,0.20,0.29,0.26,0.30,2.30,0.21,0.64,0.63,0.64,0.35,75.00,0.53,SB,0.56,0,0.56,0.2,0,SLPT,Y,
Inyo,CA,6/17/2015,Mahogany Creek,MC1-206,32,FNRN1,1125,25,13.42,9.40,89.8,7.42,0.100,NA,10.10,0.88,0.22,0.22,0.21,0.29,2.00,0.20,0.58,0.29,0.63,0.34,75.00,NA,NA,0.40,0,0.40,0.2,0,SLPT,Y,
Inyo,CA,6/17/2015,Mahogany Creek,MC1-206,33,FNRN2,1145,24,13.75,9.07,87.4,7.40,0.100,NA,28.90,0.90,0.17,0.24,0.17,0.32,2.90,0.32,0.58,0.28,0.67,0.35,101.00,NA,NA,5.10,0,5.10,0.3,0,SLPT,Y,"Flood prone width recorded as >100, but put 101 here for analysis purposes."
Inyo,CA,6/17/2015,Mahogany Creek,MC1-206,34,SSMC2,1153,25,13.96,9.09,88.4,7.49,0.100,NA,1.95,1.78,0.17,0.29,0.23,0.29,1.35,0.43,0.49,0.32,0.53,0.24,101.00,0.32,SUB,0.00,0,0.00,0,0,SLPT,Y,"Flood prone width recorded as >100, but put 101 here for analysis purposes."
Inyo,CA,6/17/2015,Mahogany Creek,MC1-206,35,FNRN3,1206,24,14.21,9.04,88.0,7.44,0.100,NA,17.60,1.20,0.15,0.12,0.11,0.24,1.60,0.32,0.35,0.31,0.44,0.20,101.00,NA,NA,0.00,6.5,6.50,0,0.27,SLPT,Y,"Flood prone width recorded as >100, but put 101 here for analysis purposes."
Inyo,CA,6/17/2015,Mahogany Creek,MC1-206,36,SSLS3,1216,25,14.41,8.62,84.5,7.55,0.100,NA,3.15,1.35,0.03,0.16,0.19,0.26,2.20,0.29,0.48,0.50,0.46,0.20,101.00,0.30,SB,0.00,1.75,1.75,0,0.38,SLPT,Y,"Flood prone width recorded as >100, but put 101 here for analysis purposes."
Inyo,CA,6/17/2015,Mahogany Creek,MC1-206,37,FNRN4,1231,26,14.62,8.65,85.1,7.41,0.100,NA,10.30,1.00,0.11,0.15,0.14,0.24,2.15,0.19,0.38,0.34,0.47,0.23,101.00,NA,NA,0.00,10.3,10.30,0,0.35,SLPT,Y,"Flood prone width recorded as >100, but put 101 here for analysis purposes."
Inyo,CA,6/17/2015,Mahogany Creek,MC1-206,38,SSMC4,1334,25,15.75,8.51,85.5,7.44,0.099,NA,7.90,0.87,0.22,0.28,0.26,0.28,1.65,0.17,0.43,0.44,0.49,0.21,85.00,0.35,SUB,0,9,9,0,0.38,SLPT,Y,
Inyo,CA,6/17/2015,Mahogany Creek,MC1-206,39,FNRN5,1345,25,15.98,8.39,85.2,7.44,0.099,NA,8.60,1.50,0.13,0.19,0.12,0.20,2.95,0.36,0.41,0.11,0.45,0.25,85.00,NA,NA,0,0,0,0,0,SLPT,Y,
Inyo,CA,6/17/2015,Mahogany Creek,MC1-206,40,FTRF6,1402,25,16.18,8.20,83.4,7.41,0.099,NA,46.70,1.20,0.13,0.12,0.09,0.22,2.20,0.36,0.31,0.10,0.49,0.27,76.00,NA,NA,15,0,15,0.32,0,SLPT,Y,"Flood prone width recorded as >75, but put 76 here for analysis purposes."
Inyo,CA,6/17/2015,Mahogany Creek,MC1-206,41,SSMC5,1405,27,16.19,8.24,84.0,7.44,0.099,NA,9.00,1.40,0.17,0.33,0.32,0.29,2.40,0.39,0.58,0.20,0.50,0.21,19.00,0.25,SUB,0,0,0,0,0,SLPT,Y,"Times for units 41-50 are when YSI data were taken, not when channel measurements were made."
Inyo,CA,6/17/2015,Mahogany Creek,MC1-206,42,SSPL6,1410,27,16.23,8.23,83.8,7.47,0.099,0.290,3.70,3.26,0.21,0.32,0.32,0.54,3.62,0.54,0.65,0.65,0.87,0.33,26.00,0.40,SUB,0,0,0,0,0,SLPT,Y,Jump height obtained from ARTIF special cases form.
Inyo,CA,6/17/2015,Mahogany Creek,MC1-206,43,ARTIF1,1414,27,16.23,8.20,83.6,7.35,0.099,NA,8.50,2.43,NA,NA,NA,NA,NA,NA,NA,NA,NA,NA,NA,NA,NA,NA,NA,NA,NA,NA,SLPT,Y,
,,6/17/2015,Mahogany Creek,MC1-206,44,FTRF7,1418,27,16.28,8.05,82.4,7.53,0.099,NA,8.00,1.05,0.10,0.11,0.06,0.27,1.70,0.40,0.41,0.45,0.57,0.30,35.00,NA,NA,0,0,0,0,0,SLPT,Y,
Inyo,CA,6/17/2015,Mahogany Creek,MC1-206,45,SSLS7,1421,27,16.32,8.17,83.3,7.52,0.099,NA,8.30,1.60,0.22,0.29,0.18,0.29,2.30,0.46,0.53,0.42,0.53,0.24,70.00,0.37,SB,0,0,0,0,0,SLPT,Y,
Inyo,CA,6/17/2015,Mahogany Creek,MC1-206,46,FTRF8,1426,27,16.36,8.18,83.7,7.32,0.099,NA,15.50,1.35,0.07,0.06,0.08,0.15,1.63,0.33,0.32,0.34,0.41,0.26,60.00,NA,NA,0,0,0,0,0,SLPT,Y,
Inyo,CA,6/17/2015,Mahogany Creek,MC1-206,47,SSMC8,1429,27,16.36,8.01,81.7,7.46,0.099,NA,5.00,1.60,0.28,0.33,0.28,0.37,2.25,0.33,0.45,0.23,0.53,0.16,40.00,0.16,SUB,0,0,0,0,0,SLPT,Y,
Inyo,CA,6/17/2015,Mahogany Creek,MC1-206,48,FTRF9,1430,27,16.40,8.03,82.2,7.45,0.099,NA,5.75,2.07,0.07,0.07,0.08,0.14,2.70,0.33,0.35,0.40,0.40,0.26,40.00,NA,NA,0,0,0,0,0,SLPT,Y,
Inyo,CA,6/17/2015,Mahogany Creek,MC1-206,49,SSMC9,1434,27,16.40,7.87,80.7,7.49,0.099,NA,5.00,1.28,0.37,0.05,0.00,0.41,2.50,0.53,0.21,0.11,0.57,0.16,31.00,0.31,SUB,0.5,0,0.5,0.18,0,SLPT,Y,Wetted depths not taken - wetted depth at 75% changed to 0 because got a negative number when BF above water subtracted from BF 75%
Inyo,CA,6/17/2015,Mahogany Creek,MC1-206,50,FNRN10,1438,27,16.44,8.17,83.7,7.34,0.099,NA,3.50,1.80,0.21,0.16,0.06,0.23,3.20,0.31,0.29,0.18,0.41,0.18,15.00,NA,NA,1.1,0,1.1,0.16,0,SLPT,Y,
Inyo,CA,6/18/2015,Mahogany Creek,MC2-257,61,FNRN1,830,19,10.86,9.19,83.0,7.06,0.102,NA,18.30,1.73,0.22,0.14,0.16,0.30,3.00,0.14,0.45,0.29,0.64,0.34,120.00,NA,NA,0,0,0,0,0,SLPT,Y,
Inyo,CA,6/18/2015,Mahogany Creek,MC2-257,62,FTRF2,854,22,10.81,9.52,85.8,7.13,0.102,NA,6.60,1.27,0.17,0.22,0.24,0.28,3.70,0.67,0.29,0.18,0.63,0.35,120.00,NA,NA,0,0,0,0,0,SLPT,Y,UNR YSI conductivity readings lower than tribe's YSI readings.
Inyo,CA,6/18/2015,Mahogany Creek,MC2-257,63,FNRN3,941,22,11.18,9.19,83.7,7.29,0.101,NA,22.00,1.51,0.11,0.10,0.70,0.24,2.75,0.53,0.49,0.18,0.64,0.40,100.00,NA,NA,2.2,0,2.2,0.1,0,SLPT,Y,
Inyo,CA,6/18/2015,Mahogany Creek,MC2-257,64,FTRF4,1003,22,11.38,8.98,82.2,7.29,0.101,NA,24.50,2.50,0.18,0.06,0.01,0.18,2.75,0.18,0.06,0.01,0.42,0.24,90.00,NA,NA,4,0,4,0.12,0,SLPT,Y,
Inyo,CA,6/18/2015,Mahogany Creek,MC2-257,65,SSMC1,1024,24,11.72,8.81,81.0,7.29,0.101,NA,6.50,1.39,0.16,0.22,0.22,0.28,3.15,0.43,0.13,0.48,0.52,0.24,80.00,NA,NA,0,0,0,0,0,SLPT,Y,Pool crest and formed by not collected.
Inyo,CA,6/18/2015,Mahogany Creek,MC2-257,66,FTRF5,1049,22,12.10,8.76,81.4,7.30,0.101,NA,12.50,3.70,0.12,0.07,0.11,0.12,4.30,0.08,0.07,0.11,0.46,0.34,100.00,NA,NA,0,0,0,0,0,SLPT,Y,
Inyo,CA,6/18/2015,Mahogany Creek,MC2-257,67,SDDD2,1105,24,12.37,9.06,84.6,7.28,0.100,NA,3.00,2.04,0.13,0.18,0.19,0.24,2.95,0.44,0.45,0.46,0.45,0.21,100.00,0.50,WD,0,0,0,0,0,SLPT,Y,
Inyo,CA,6/18/2015,Mahogany Creek,MC2-257,68,FTRF6,1135,24,12.73,8.54,80.7,7.30,0.100,NA,30.00,1.80,0.15,0.08,0.09,0.20,2.40,0.35,0.35,0.22,0.42,0.22,100.00,NA,NA,1.5,0,1.5,0.22,0,SLPT,Y,
Inyo,CA,6/18/2015,Mahogany Creek,MC2-257,69,SSLS3,1152,24,13.03,8.42,80.1,7.36,0.100,NA,19.00,2.00,0.14,0.32,0.38,0.40,3.10,0.21,0.41,0.14,0.54,0.14,100.00,0.37,SB,0,0,0,0,0,SLPT,Y,
Inyo,CA,6/18/2015,Mahogany Creek,MC2-257,70,FTRF7,1207,24,13.44,8.82,84.4,7.25,0.100,NA,7.10,2.45,0.14,0.17,0.22,0.28,2.95,0.36,0.43,0.41,0.53,0.25,100.00,NA,NA,0,0,0,0,0,SLPT,Y,
Inyo,CA,6/18/2015,Mahogany Creek,MC2-257,71,SSLS4,841,18,10.60,7.63,86.5,7.20,0.074,NA,0.47,1.50,0.33,0.35,0.08,0.31,3.10,0.54,0.29,0.23,0.51,0.20,35.00,0.36,SB,0,0,0,0,0,TU,Y,TU EC readings seem lower than tribe's.
Inyo,CA,6/18/2015,Mahogany Creek,MC2-257,72,FNRN8,902,19,10.70,7.98,88.5,7.61,0.074,NA,16.20,1.42,0.15,0.17,0.20,0.31,2.20,0.15,0.35,0.46,0.51,0.25,5.00,NA,NA,0,0,0,0,0,TU,Y,
Inyo,CA,6/18/2015,Mahogany Creek,MC2-257,73,FTRF9,912,20,10.80,8.13,91.7,7.53,0.074,NA,15.40,1.20,0.07,0.09,0.07,0.18,1.93,0.28,0.06,0.14,0.39,0.21,5.00,NA,NA,0,0,0,0,0,TU,Y,
Inyo,CA,6/18/2015,Mahogany Creek,MC2-257,74,FNRN10,930,22,11.00,7.99,89.8,7.54,0.074,NA,9.50,1.34,0.22,0.21,0.23,0.28,1.92,0.38,0.33,0.10,0.49,0.21,10.00,NA,NA,0,0,0,0,0,TU,Y,
Inyo,CA,6/18/2015,Mahogany Creek,MC2-257,75,FTRF11,950,23,11.20,8.17,92.2,7.61,0.075,NA,16.40,2.50,0.11,0.06,0.10,0.20,3.00,0.37,0.32,0.36,0.46,0.26,10.00,NA,NA,0,0,0,0,0,TU,Y,
Inyo,CA,6/18/2015,Mahogany Creek,MC2-257,76,SSMC5,1025,24,11.70,9.97,91.1,7.58,0.076,NA,3.50,1.05,0.32,0.31,0.35,0.35,1.40,0.55,0.54,0.58,0.58,0.23,4.00,0.38,SB,0,0,0,0,0,TU,Y,
Inyo,CA,6/18/2015,Mahogany Creek,MC2-257,77,FNRN12,1047,24,11.90,8.06,92.3,7.48,0.074,NA,30.40,1.60,0.11,0.12,0.04,0.26,2.40,0.39,0.38,0.34,0.52,0.26,4.00,NA,NA,4,0,4,0.8,0,TU,Y,
Inyo,CA,6/18/2015,Mahogany Creek,MC2-257,78,SDDD6,1104,25,12.20,7.77,90.1,7.54,0.076,NA,3.20,1.80,0.22,0.17,0.09,0.24,2.45,0.46,0.41,0.33,0.48,0.24,7.00,0.32,WD,3,0,3,0.8,0,TU,Y,
Inyo,CA,6/18/2015,Mahogany Creek,MC2-257,79,SSLS7,1127,24,12.50,7.75,90.0,7.60,0.076,NA,3.60,2.10,0.17,0.24,0.34,0.40,2.00,0.30,0.46,0.49,0.65,0.25,5.00,0.39,SB,0,2,2,0,0.35,TU,Y,
Inyo,CA,6/18/2015,Mahogany Creek,MC2-257,80,FTRF13,1137,24,12.60,7.85,91.9,7.62,0.077,NA,3.25,2.25,0.04,0.08,0.09,0.11,2.60,0.31,0.35,0.36,0.38,0.27,3.50,NA,NA,0.3,4,4.3,0.5,0.61,TU,Y,
Inyo,CA,6/19/2015,Mahogany Creek,MC3-380,121,SSMC1,716,8,9.73,9.63,84.7,7.14,0.100,NA,4.90,2.20,0.16,0.16,0.10,0.17,2.70,0.35,0.40,0.24,0.39,0.22,23.00,0.31,WD,0.25,0,0.25,0.33,0,SLPT,Y,Note 7/23/15: fry seen in SO121 (pool).
Inyo,CA,6/19/2015,Mahogany Creek,MC3-380,122,SSLS2,735,10,9.79,9.68,85.1,7.19,0.100,NA,3.30,2.54,0.09,0.23,0.32,0.32,2.80,0.33,0.47,0.56,0.56,0.24,23.00,0.30,SB,0,0.78,0.78,0,0.26,SLPT,Y,
Inyo,CA,6/19/2015,Mahogany Creek,MC3-380,123,FTRF1,754,10,9.96,9.41,83.3,7.27,0.100,NA,9.30,1.80,0.13,0.12,0.08,0.27,2.20,0.37,0.36,0.32,0.51,0.24,23.00,NA,NA,0,0,0,0,0,SLPT,Y,Small pool area under willow.
Inyo,CA,6/19/2015,Mahogany Creek,MC3-380,124,SSLS3,808,11,10.17,9.55,85.0,7.28,0.100,NA,4.20,2.65,0.14,0.12,0.08,0.23,2.70,0.37,0.35,0.31,0.46,0.23,23.00,0.33,SB,0,0,0,0,0,SLPT,Y,"Large LCT in pool - ad clipped. 3 small fish ~3-5 in. spotted, all with spots, 2 with faint parr marks. Note 7/23/15: ~15 fry seen in SO124 (pool)."
Inyo,CA,6/19/2015,Mahogany Creek,MC3-380,125,FTRF2,827,11,10.39,9.54,85.4,7.23,0.100,NA,26.50,2.17,0.10,0.05,0.06,0.13,4.54,0.30,0.21,0.18,0.37,0.24,35.00,NA,NA,6,0,6,0.16,0,SLPT,Y,
Inyo,CA,6/19/2015,Mahogany Creek,MC3-380,126,SSMC4,846,17,10.60,9.35,83.9,7.28,0.100,NA,1.50,2.52,0.15,0.20,0.90,0.23,3.57,0.15,0.28,0.35,0.45,0.22,30.00,0.28,SB,0,0,0,0,0,SLPT,Y,Large willow mid channel helps form pool.
Inyo,CA,6/19/2015,Mahogany Creek,MC3-380,127,FTRF3,910,19,10.85,9.62,86.6,7.21,0.100,NA,2.50,1.50,0.08,0.09,0.11,0.17,2.03,0.30,0.31,0.33,0.39,0.22,30.00,NA,NA,0,0,0,0,0,SLPT,Y,
Inyo,CA,6/19/2015,Mahogany Creek,MC3-380,128,SSLS5,928,19,10.99,9.43,85.3,7.30,0.100,NA,3.25,1.70,0.15,0.32,0.27,0.36,2.45,0.12,0.35,0.55,0.58,0.22,25.00,0.37,SB,0,0.75,0.75,0,0.18,SLPT,Y,
Inyo,CA,6/19/2015,Mahogany Creek,MC3-380,129,FTRF4,943,19,11.19,9.46,86.0,7.30,0.100,NA,3.40,0.47,0.05,0.04,0.14,0.12,2.10,0.14,0.21,0.22,0.33,0.21,15.00,NA,NA,0,0,0,0,0,SLPT,Y,
Inyo,CA,6/19/2015,Mahogany Creek,MC3-380,130,SSLS6,1002,19,11.49,9.11,83.2,7.24,0.098,NA,4.25,1.90,0.39,0.29,0.26,0.44,3.50,0.51,0.48,0.03,0.65,0.21,30.00,0.32,SB,0,0,0,0,0,SLPT,Y,
Inyo,CA,6/19/2015,Mahogany Creek,MC3-380,131,FTRF5,700,7,9.70,8.63,94.7,7.19,0.062,NA,8.20,1.15,0.10,0.12,0.10,0.19,1.85,0.29,0.30,0.14,0.40,0.21,40.00,NA,NA,0,0,0,0,0,TU,Y,
Inyo,CA,6/19/2015,Mahogany Creek,MC3-380,132,SSMC7,721,7,9.70,8.85,96.9,7.46,0.067,NA,1.80,2.60,0.10,0.10,0.26,0.27,2.65,0.27,0.35,0.48,0.48,0.21,40.00,0.29,WD,0,0,0,0,0,TU,Y,
Inyo,CA,6/19/2015,Mahogany Creek,MC3-380,133,FTRF6,739,10,9.80,8.95,93.2,7.59,0.067,NA,20.50,1.90,0.05,0.08,0.07,0.09,2.60,0.31,0.33,0.33,0.36,0.27,25.00,NA,NA,0,0,0,0,0,TU,Y,
Inyo,CA,6/19/2015,Mahogany Creek,MC3-380,134,SSLS8,755,12,9.90,8.80,96.8,7.65,0.067,NA,4.30,2.10,0.20,0.21,0.07,0.24,2.80,0.41,0.37,0.31,0.46,0.22,10.00,0.30,SB,4.3,0,4.3,0.72,0,TU,Y,
Inyo,CA,6/19/2015,Mahogany Creek,MC3-380,135,FTRF7,815,15,10.20,8.88,98.4,7.62,0.068,NA,5.70,1.80,0.03,0.11,0.04,0.14,2.80,0.38,0.43,0.24,0.44,0.30,10.00,NA,NA,5.7,0,5.7,0.27,0,TU,Y,
Inyo,CA,6/19/2015,Mahogany Creek,MC3-380,136,FNRN8,841,18,10.00,8.65,96.2,7.75,0.068,NA,6.75,1.70,0.13,0.20,0.06,0.23,2.90,0.41,0.33,0.20,0.50,0.27,10.00,NA,NA,6.75,0,6.75,0.52,0,TU,Y,
Inyo,CA,6/19/2015,Mahogany Creek,MC3-380,137,FTRF9,911,15,10.70,8.78,98.5,7.62,0.068,NA,37.00,2.10,0.10,0.09,0.03,0.21,2.40,0.32,0.24,0.23,0.39,0.18,18.00,NA,NA,37,12,49,0.46,0.22,TU,Y,
Inyo,CA,6/19/2015,Mahogany Creek,MC3-380,138,SSLS9,920,15,10.80,8.47,96.0,7.68,0.069,NA,3.00,1.40,0.31,0.29,0.09,0.31,2.90,0.52,0.22,0.14,0.54,0.23,24.00,0.33,SB,0,0,0,0,0,TU,Y,
Inyo,CA,6/19/2015,Mahogany Creek,MC3-380,139,FTRF10,934,15,10.70,8.76,98.7,7.61,0.070,NA,4.30,2.09,0.04,0.09,0.08,0.16,3.40,0.27,0.23,0.05,0.27,0.11,5.00,NA,NA,0,0,0,0,0,TU,Y,
Inyo,CA,6/19/2015,Mahogany Creek,MC3-380,140,FNRN11,950,16,11.00,8.80,99.6,7.52,0.069,NA,10.30,1.94,0.17,0.09,0.03,0.21,3.20,0.35,0.30,0.25,0.43,0.22,40.00,NA,NA,0,0,0,0,0,TU,Y,
Inyo,CA,6/23/2015,Mahogany Creek,MC5-501,211,SSLS1,1443,19,14.90,7.69,75.1,7.16,0.077,NA,12.00,2.10,0.23,0.47,0.55,0.55,2.15,0.33,0.50,0.56,0.76,0.21,7.00,0.26,SB,5,1,6,0.79,0.75,SLPT,Y,"Reach note: Pools in this reach are the largest I've seen. Many pooly parts in riffles that, in other smaller stream reaches, would have been broken into pools. Stream is wider than average here."
Inyo,CA,6/23/2015,Mahogany Creek,MC5-501,212,FTRF1,1505,23,14.08,8.35,81.0,7.06,0.077,NA,12.50,1.15,0.04,0.10,0.05,0.14,1.75,0.27,0.28,0.29,0.38,0.24,7.00,NA,NA,0,0,0,0,0,SLPT,Y,
Inyo,CA,6/23/2015,Mahogany Creek,MC5-501,213,SSLS2,1522,23,14.06,7.33,71.2,7.18,0.076,NA,2.50,1.10,0.09,0.17,0.17,0.24,1.75,0.25,0.38,0.42,0.47,0.23,5.75,0.26,SB,0,0,0,0,0,SLPT,Y,
Inyo,CA,6/23/2015,Mahogany Creek,MC5-501,214,FTRF2,1536,24,14.07,8.12,78.9,7.11,0.076,NA,9.25,0.99,0.05,0.09,0.13,0.15,2.35,0.18,0.23,0.41,0.42,0.27,8.00,NA,NA,0,0,0,0,0,SLPT,Y,
Inyo,CA,6/23/2015,Mahogany Creek,MC5-501,215,SSLS3,1554,23,13.99,7.99,77.6,7.24,0.076,NA,3.50,1.50,0.35,0.28,0.16,0.32,2.05,0.53,0.36,0.25,0.50,0.24,10.00,0.32,SB,1,0,1,0.88,0,SLPT,Y,
Inyo,CA,6/23/2015,Mahogany Creek,MC5-501,216,FTRF3,1644,23,13.82,8.04,78.1,7.06,0.075,NA,11.00,1.30,0.03,0.01,0.02,0.17,1.85,0.25,0.23,0.24,0.39,0.22,8.80,NA,NA,0,0,0,0,0,SLPT,Y,
Inyo,CA,6/24/2015,Mahogany Creek,MC5-501,217,SSLS4,722,24,9.56,9.75,85.1,6.44,0.073,NA,7.50,1.24,0.05,0.09,0.10,0.22,2.10,0.12,0.22,0.23,0.37,0.15,9.50,0.24,SB,0,0,0,0,0,SLPT,Y,
Inyo,CA,6/24/2015,Mahogany Creek,MC5-501,218,FTRF4,743,17,9.59,9.43,82.4,6.95,0.073,NA,9.50,0.32,0.09,0.07,0.05,0.11,2.00,0.35,0.26,0.08,0.34,0.23,8.00,NA,NA,0,0,0,0,0,SLPT,Y,
Inyo,CA,6/24/2015,Mahogany Creek,MC5-501,219,FNRN5,805,16,9.65,9.24,81.1,6.84,0.073,NA,5.00,1.43,0.06,0.11,0.19,0.23,2.70,0.24,0.30,0.36,0.47,0.24,10.70,NA,NA,0,0,0,0,0,SLPT,Y,
,,6/24/2015,Mahogany Creek,MC5-501,220,SSLS5,836,20,9.81,9.17,81.0,7.18,0.073,NA,4.00,1.60,0.19,0.08,0.08,0.32,2.20,0.46,0.38,0.18,0.58,0.26,11.70,0.33,SB,0,0,0,0,0,SLPT,Y,
,,6/23/2015,Mahogany Creek,MC5-501,221,FTRF6,1442,26,14.10,7.75,75.7,7.65,0.073,NA,30.00,1.49,0.13,0.05,0.04,0.17,1.78,0.34,0.26,0.25,0.38,0.21,10.00,NA,NA,0,0,0,0,0,UNR,Y,"Dissolved oxygen readings were low and so YSI was calibrated the night of 6/23/2015. The DO readings before and after calibration were taken and indicated adding 0.59 to mg/L and 6% to %Sat; however, based on the readings from 6/24/2015, it seems like, even after adding those values, the readings are still low. May have to make some further adjustments."
,,6/23/2015,Mahogany Creek,MC5-501,222,SSLS6,1520,25,14.10,7.50,73.4,7.56,0.073,NA,6.50,1.35,0.12,0.15,0.06,0.26,5.15,0.20,0.18,0.15,0.47,0.21,9.00,0.33,SB,7,0,7,1.5,0,UNR,Y,"Dissolved oxygen readings were low and so YSI was calibrated the night of 6/23/2015. The DO readings before and after calibration were taken and indicated adding 0.59 to mg/L and 6% to %Sat; however, based on the readings from 6/24/2015, it seems like, even after adding those values, the readings are still low. May have to make some further adjustments."
,,6/23/2015,Mahogany Creek,MC5-501,223,FTRF7,1558,24,13.80,7.78,75.3,7.84,0.072,NA,58.00,1.78,0.04,0.06,0.01,0.10,4.28,0.28,0.18,0.10,0.30,0.20,8.00,NA,NA,10,0,10,1,0,UNR,Y,"Dissolved oxygen readings were low and so YSI was calibrated the night of 6/23/2015. The DO readings before and after calibration were taken and indicated adding 0.59 to mg/L and 6% to %Sat; however, based on the readings from 6/24/2015, it seems like, even after adding those values, the readings are still low. May have to make some further adjustments."
,,6/23/2015,Mahogany Creek,MC5-501,224,SSMC7,1619,25,13.80,7.60,73.1,7.78,0.073,NA,4.75,1.90,0.17,0.21,0.08,0.21,6.46,0.29,0.34,0.13,0.42,0.21,8.00,0.27,WD,4.75,0,4.75,1,0,UNR,Y,"Dissolved oxygen readings were low and so YSI was calibrated the night of 6/23/2015. The DO readings before and after calibration were taken and indicated adding 0.59 to mg/L and 6% to %Sat; however, based on the readings from 6/24/2015, it seems like, even after adding those values, the readings are still low. May have to make some further adjustments."
,,6/23/2015,Mahogany Creek,MC5-501,225,FTRF8,1442,25,13.70,7.85,75.9,7.70,0.073,NA,5.00,1.33,0.06,0.06,0.02,0.21,4.68,0.20,0.08,0.10,0.42,0.21,6.00,NA,NA,5,0,5,5,0,UNR,Y,"Dissolved oxygen readings were low and so YSI was calibrated the night of 6/23/2015. The DO readings before and after calibration were taken and indicated adding 0.59 to mg/L and 6% to %Sat; however, based on the readings from 6/24/2015, it seems like, even after adding those values, the readings are still low. May have to make some further adjustments. 10% pool habitat within reach."
,,6/24/2015,Mahogany Creek,MC5-501,226,SSMC8,728,12,9.50,8.20,72.0,7.70,0.075,NA,10.50,1.90,0.10,0.24,0.18,0.22,2.60,0.25,0.38,0.18,0.42,0.20,4.50,0.31,WD,0,2.5,2.5,0,0.65,UNR,Y,
,,6/24/2015,Mahogany Creek,MC5-501,227,FTRF9,755,14,9.60,8.95,78.7,7.70,0.075,NA,19.00,1.68,0.08,0.01,0.09,0.12,2.20,0.27,0.17,0.24,0.32,0.20,3.00,NA,NA,0,0,0,0,0,UNR,Y,Small unstable island at 50% wetted width.
,,6/24/2015,Mahogany Creek,MC5-501,228,SSLS9,816,16,9.60,8.08,70.4,7.70,0.075,NA,7.00,2.32,0.34,0.36,0.24,0.37,3.09,0.54,0.51,0.25,0.60,0.23,7.50,0.08,SB,4,0,4,0.95,0,UNR,Y,
,,6/24/2015,Mahogany Creek,MC5-501,229,FTRF10,843,16,9.70,9.12,80.2,7.70,0.075,NA,34.00,1.40,0.04,0.09,0.65,0.21,2.60,0.30,0.38,0.08,0.44,0.23,5.75,NA,NA,18,13,31,0.5,0.25,UNR,Y,
,,6/24/2015,Mahogany Creek,MC5-501,230,SSMC10,857,18,9.80,8.50,75.1,7.76,0.074,NA,2.50,1.40,0.18,0.16,0.14,0.20,2.17,0.34,0.39,0.35,0.42,0.22,5.50,0.31,WD,2.5,0,2.5,0.79,0,UNR,Y,
,,6/24/2015,Mahogany Creek,MC5-555,241,SSMC1,1418,26,11.30,9.25,84.3,7.04,0.106,NA,2.50,0.20,0.03,0.05,0.03,0.08,1.50,0.22,0.25,0.17,0.21,0.13,6.00,0.18,SB,0,0,0,0,0,SLPT,Y,
,,6/24/2015,Mahogany Creek,MC5-555,242,FTRF1,1447,25,11.16,8.73,79.8,6.96,0.107,NA,3.00,0.61,0.02,0.03,0.02,0.04,1.60,0.13,0.16,0.15,0.18,0.14,3.00,NA,NA,0,0,0,0,0,SLPT,Y,
,,6/24/2015,Mahogany Creek,MC5-555,243,SSMC2,1456,25,11.06,8.86,80.5,7.03,0.107,NA,3.50,0.89,0.07,0.09,0.08,0.09,2.90,0.33,0.22,0.20,0.34,0.25,3.10,0.35,SB,3,3,6,0.98,0.91,SLPT,Y,
,,6/24/2015,Mahogany Creek,MC5-555,244,FTRF2,1521,25,10.83,8.88,80.2,7.00,0.107,NA,10.00,0.74,0.03,0.04,0.06,0.07,1.65,0.20,0.23,0.28,0.36,0.29,3.25,NA,NA,10,10,20,0.74,0.1,SLPT,Y,
,,6/24/2015,Mahogany Creek,MC5-555,245,SSLS3,1547,24,10.54,9.07,81.2,7.08,0.107,NA,1.90,0.74,0.04,0.08,0.13,0.14,1.15,0.07,0.17,0.30,0.37,0.23,3.20,0.30,SB,1.9,0,1.9,0.74,0,SLPT,Y,
,,6/25/2015,Mahogany Creek,MC5-555,246,FTRF3,728,16,8.10,9.56,81.0,6.60,0.099,NA,6.30,0.95,0.03,0.04,0.03,0.08,1.50,0.19,0.22,0.19,0.28,0.20,3.00,NA,NA,4.3,0.1,4.4,1.25,0.35,SLPT,Y,
,,6/25/2015,Mahogany Creek,MC5-555,247,SSLS4,736,15,8.15,9.68,81.7,6.72,0.099,NA,3.00,1.01,0.07,0.08,0.06,0.13,1.90,0.25,0.26,0.10,0.32,0.19,2.50,0.23,WD,3,0,3,1.2,0,SLPT,Y,
,,6/25/2015,Mahogany Creek,MC5-555,248,FTRF4,805,15,8.32,9.53,81.0,6.81,0.099,NA,13.10,1.10,0.02,0.04,0.05,0.05,1.25,0.03,0.05,0.19,0.23,0.17,2.10,NA,NA,8,0,8,0.75,0,SLPT,Y,
,,6/25/2015,Mahogany Creek,MC5-555,249,SSLS5,824,16,8.42,9.69,82.8,6.89,0.100,NA,3.00,1.21,0.17,0.14,0.07,0.17,1.25,0.33,0.25,0.17,0.42,0.25,3.20,0.04,SB,1.7,0,1.7,0.8,0,SLPT,Y,
,,6/25/2015,Mahogany Creek,MC5-555,250,FTRF5,842,16,8.58,9.62,82.5,6.94,0.100,NA,9.50,0.80,0.03,0.04,0.02,0.09,1.25,0.19,0.22,0.22,0.28,0.19,3.00,NA,NA,7.5,0,7.5,1.1,0,SLPT,Y,
,,6/24/2015,Mahogany Creek,MC5-555,251,SSLS6,1432,24,10.50,7.49,66.5,7.59,0.099,NA,4.75,1.16,0.13,0.12,0.08,0.13,1.20,0.42,0.35,0.36,0.42,0.28,4.00,0.30,SB,0,3,3,0,1,SLPT,Y,
,,6/24/2015,Mahogany Creek,MC5-555,252,FNRN6,1452,25,10.30,6.46,58.0,7.58,0.098,NA,7.00,0.81,0.06,0.07,0.04,0.13,1.00,0.30,0.32,0.25,0.41,0.28,4.00,NA,NA,0,0.5,0.5,0,0.25,SLPT,Y,
,,6/24/2015,Mahogany Creek,MC5-555,253,FTRF7,1507,25,9.60,8.55,75.3,7.55,0.099,NA,27.00,0.58,0.02,0.03,0.02,0.09,1.70,0.24,0.29,0.23,0.35,0.26,4.00,NA,NA,27,0.75,27.75,6,0.5,SLPT,Y,
,,6/24/2015,Mahogany Creek,MC5-555,254,SIDEF1,1546,24,NA,NA,NA,NA,NA,NA,3.50,0.40,NA,NA,NA,0.06,NA,NA,NA,NA,NA,NA,NA,NA,NA,NA,NA,NA,NA,NA,SLPT,Y,"Side channel is in SO253, FTRF7, so it should be SO254 and later SO's reordered (did this 7/14/15)."
,,6/24/2015,Mahogany Creek,MC5-555,255,SSLS7,1526,25,9.30,8.42,73.3,7.61,0.099,NA,1.10,2.15,0.09,0.12,0.10,0.13,1.35,0.32,0.31,0.29,0.40,0.27,2.85,0.31,WD,1.1,0,1.1,0.5,0,SLPT,Y,SO255 (old SO254) started on 6/24 and finished on 6/25
,,6/25/2015,Mahogany Creek,MC5-555,256,FTRF8,737,12,8.00,8.90,75.2,6.80,0.065,NA,9.00,0.79,0.05,0.05,0.04,0.07,1.70,0.17,0.29,0.21,0.31,0.24,3.50,NA,NA,0,6,6,0,0.55,SLPT,Y,
,,6/25/2015,Mahogany Creek,MC5-555,257,FNRN9,756,14,8.10,8.84,74.9,6.94,0.099,NA,2.50,0.83,0.07,0.06,0.04,0.09,2.20,0.09,0.29,0.18,0.35,0.26,5.50,NA,NA,3.5,0.75,4.25,2,0.25,SLPT,Y,
,,6/25/2015,Mahogany Creek,MC5-555,258,FTRF10,815,15,8.20,9.06,77.0,7.12,0.099,NA,7.00,0.91,0.02,0.04,0.04,0.06,1.70,0.22,0.22,0.29,0.29,0.23,3.00,NA,NA,7,2,9,0.8,0.25,SLPT,Y,
,,6/25/2015,Mahogany Creek,MC5-555,259,SSPL8,833,17,8.30,9.04,76.6,7.18,0.099,0.110,3.00,1.50,0.05,0.12,0.13,0.21,2.00,0.30,0.40,0.35,0.51,0.38,3.75,0.41,BO,3,3,6,0.75,0.5,SLPT,Y,
,,6/25/2015,Mahogany Creek,MC5-555,260,SSLS9,907,19,8.80,8.97,77.7,7.34,0.083,NA,4.50,0.82,0.02,0.13,0.17,0.18,1.00,0.03,0.11,0.17,0.39,0.22,4.00,0.29,SB/BO,2,4.5,6.5,0.25,1.25,SLPT,Y,
,,6/25/2015,Mahogany Creek,MC5-555,261,FTRF11,925,21,9.50,8.10,72.1,7.40,0.099,NA,10.00,0.83,0.07,0.04,0.09,0.18,2.00,0.33,0.40,0.18,0.46,0.28,6.50,NA,NA,0,8,8,0,0.25,SLPT,Y,
,,6/25/2015,Summer Camp Creek,SCC1-069,5001,FTRF1,1134,25,12.80,8.45,79.1,7.01,0.064,NA,11.00,0.93,0.04,0.06,0.04,0.12,1.20,0.07,0.06,0.07,0.32,0.20,3.50,NA,NA,4,0,4,0.75,0,UNR,Y,Either mg/L or %Sat seems off for DO on this unit.
,,6/25/2015,Summer Camp Creek,SCC1-069,5002,SSLS1,1201,25,13.30,7.85,75.2,7.54,0.064,NA,3.50,1.26,0.11,0.21,0.15,0.26,1.40,0.10,0.17,0.23,0.46,0.20,3.50,0.28,SB,3.5,0,3.5,0.75,0,UNR,Y,
,,6/25/2015,Summer Camp Creek,SCC1-069,5003,FTRF2,1213,26,13.60,7.89,76.1,7.51,0.064,NA,21.00,0.82,0.06,0.06,0.02,0.11,1.20,0.36,0.33,0.28,0.37,0.26,2.50,NA,NA,8.5,0,8.5,0.6,0,UNR,Y,
,,6/25/2015,Summer Camp Creek,SCC1-069,5004,SSLS2,1332,28,14.90,7.63,75.6,7.82,0.063,NA,3.00,1.47,0.05,0.90,0.21,0.21,1.20,0.16,0.24,0.36,0.43,0.22,5.00,0.05,SB,0,0,0,0,0,UNR,Y,
,,6/25/2015,Summer Camp Creek,SCC1-069,5005,FTRF3,1340,28,15.00,7.72,76.6,7.84,0.064,NA,30.00,1.50,0.06,0.04,0.03,0.11,1.90,0.23,0.20,0.23,0.32,0.21,2.90,NA,NA,7,3,10,0.35,0.2,UNR,Y,
,,6/25/2015,Summer Camp Creek,SCC1-069,5006,SSMC3,1400,28,15.20,6.50,66.3,7.83,0.064,NA,2.50,2.50,0.04,0.13,0.09,0.15,3.10,0.24,0.24,0.19,0.40,0.20,5.50,0.25,WD,0,0,0,0,0,UNR,Y,
,,6/25/2015,Summer Camp Creek,SCC1-069,5007,FTRF4,1422,28,15.40,7.59,75.9,7.83,0.064,NA,17.50,1.00,0.04,0.04,0.05,0.09,2.40,0.19,0.27,0.21,0.31,0.22,6.50,NA,NA,0,0,0,0,0,UNR,Y,
,,6/25/2015,Summer Camp Creek,SCC1-069,5008,SSMC4,1443,28,15.50,6.52,65.1,7.80,0.064,NA,2.00,1.60,0.07,0.26,0.16,0.26,5.00,0.26,0.19,0.10,0.53,0.27,5.00,0.33,SB,0,0,0,0,0,UNR,Y,
,,6/25/2015,Summer Camp Creek,SCC1-069,5009,FTRF5,1509,28,15.60,7.48,75.1,7.81,0.064,NA,2.75,1.00,0.05,0.05,0.02,0.07,0.50,0.28,0.24,0.17,0.30,0.23,5.00,NA,NA,1.5,0,1.5,1.3,0,UNR,Y,
,,6/25/2015,Summer Camp Creek,SCC1-069,5010,SSLS5,1525,28,15.60,7.07,71.2,7.82,0.064,NA,1.50,1.00,0.14,0.16,0.09,0.16,1.90,0.37,0.30,0.22,0.39,0.23,5.00,0.29,SB,1.5,0,1.5,0.75,0,UNR,Y,
,,6/25/2015,Summer Camp Creek,SCC1-069,5011,FTRF6,1539,28,15.70,7.50,75.4,7.81,0.064,NA,2.75,1.80,0.08,0.00,0.02,0.07,2.90,0.23,0.22,0.07,0.29,0.22,5.00,NA,NA,2.75,0,2.75,0.6,0,UNR,Y,Unstable island in center with shallow flow to right of island.
,,6/25/2015,Summer Camp Creek,SCC1-069,5012,FNRN7,1556,28,15.70,7.25,73.4,7.81,0.064,NA,2.00,0.77,0.08,0.14,0.13,0.20,2.27,0.21,0.25,0.35,0.43,0.23,2.27,NA,NA,2,0,2,0.35,0,UNR,Y,
,,6/25/2015,Summer Camp Creek,SCC1-069,5013,FTRF8,1620,28,15.70,7.26,73.0,7.80,0.064,NA,6.00,1.00,0.04,0.05,0.06,0.08,1.57,0.24,0.24,0.27,0.30,0.22,1.63,NA,NA,0,1,1,0,0.6,UNR,Y,
,,6/25/2015,Summer Camp Creek,SCC1-069,5014,SSPL6,1620,28,15.70,8.06,83.3,7.81,0.064,0.230,2.75,0.58,0.10,0.13,0.14,0.21,2.30,0.17,0.31,0.25,0.46,0.25,3.00,0.06,WD,0,1,1,0,0.5,UNR,Y,Jump height = 0.23 m
,,6/25/2015,Summer Camp Creek,SCC1-069,5015,FTRF9,1646,30,15.70,7.59,76.4,7.77,0.065,NA,30.00,1.41,0.04,0.03,0.05,0.14,2.10,0.24,0.25,0.25,0.34,0.20,2.50,NA,NA,10,15.3,25.3,0.4,0.7,UNR,Y,
,,6/25/2015,Summer Camp Creek,SCC1-069,5016,SSMC7,1627,28,15.70,8.11,81.6,7.10,0.078,NA,4.50,1.05,0.15,0.15,0.12,0.18,1.95,0.27,0.38,0.41,0.49,0.31,2.70,0.39,BO,3.5,1.65,5.15,0.25,0.5,SLPT,Y,
,,6/25/2015,Summer Camp Creek,SCC1-069,5017,FTRF10,1605,28,15.69,8.22,82.9,7.00,0.078,NA,8.60,1.10,0.04,0.70,0.07,0.09,2.10,0.31,0.34,0.18,0.38,0.29,2.70,NA,NA,8.6,0.84,9.44,0.75,0.36,SLPT,Y,
,,6/25/2015,Summer Camp Creek,SCC1-069,5018,SSLS8,1535,28,15.58,8.29,83.0,6.95,0.079,NA,2.90,1.20,0.07,0.17,0.10,0.17,1.55,0.13,0.26,0.34,0.36,0.19,1.80,0.25,SB,2.9,2.9,5.8,0.28,0.83,SLPT,Y,
,,6/25/2015,Summer Camp Creek,SCC1-069,5019,FNRN11,1521,28,,,,,,NA,3.70,0.36,0.03,0.02,0.03,0.03,1.55,0.15,0.25,0.19,0.25,0.22,1.80,NA,NA,0.15,0.5,0.65,0.2,0.3,SLPT,Y,Not enough water in unit for YSI probe.
,,6/25/2015,Summer Camp Creek,SCC1-069,5020,SSLS9,1501,28,15.39,8.47,85.3,7.34,0.079,NA,2.30,1.91,0.10,0.13,0.10,0.13,2.05,0.15,0.29,0.27,0.36,0.23,2.05,0.38,WD,1,1.5,2.5,0.7,0.5,SLPT,Y,
,,6/30/2015,Summer Camp Creek,SCC4-15-7,5121,SSLS1,759,15,10.10,9.32,81.4,6.83,0.060,NA,2.50,1.60,0.23,0.18,0.09,0.23,2.35,0.39,0.32,0.18,0.42,0.19,6.00,0.27,SB,0,0,0,0,0,UNR,Y,"(General reach notes): 0.17 mi up from SCC4 division. Park in small meadow turnout on right surrounded by wooden fence. End at pool ~8 m below large tire on right bank and just above 2 large aspen logs across stream. Lots of big ""mosquito moths."" Lots of moss on rocks. Large ants on the wood. Lots of fallen aspen logs. Lots of nettles! Lots of unstable islands. Lots of boulder and wood on banks make it difficult to determine bankfull. Seems entrenced based on FPW. (Unit note): Fish spotted."
,,6/30/2015,Summer Camp Creek,SCC4-15-7,5122,FTRF1,820,16,10.20,8.76,78.1,7.19,0.060,NA,10.75,1.70,0.11,0.07,0.03,0.11,2.00,0.29,0.26,0.21,0.30,0.19,4.00,NA,NA,0,0,0,0,0,UNR,Y,
,,6/30/2015,Summer Camp Creek,SCC4-15-7,5123,FTRP2,830,17,10.30,8.74,78.1,7.50,0.059,NA,26.50,1.00,0.07,0.11,0.11,0.13,2.00,0.15,0.30,0.13,0.32,0.19,4.00,NA,NA,0,0,0,0,0,UNR,Y,
,,6/30/2015,Summer Camp Creek,SCC4-15-7,5124,FTRF3,846,19,10.50,8.97,80.4,7.64,0.060,NA,23.00,1.75,0.05,0.07,0.05,0.10,1.75,0.22,0.24,0.22,0.27,0.17,3.00,NA,NA,0,0,0,0,0,UNR,Y,
,,6/30/2015,Summer Camp Creek,SCC4-15-7,5125,SSLS2,915,19,10.70,8.65,77.8,7.78,0.060,NA,2.50,1.25,0.15,0.13,0.10,0.17,4.05,0.28,0.07,0.16,0.37,0.20,7.00,0.30,SB,0,0,0,0,0,UNR,Y,fish spotted
,,6/30/2015,Summer Camp Creek,SCC4-15-7,5126,FTRF4,925,21,11.00,8.78,79.5,7.82,0.060,NA,7.50,1.45,0.09,0.11,0.03,0.13,1.70,0.30,0.32,0.25,0.34,0.21,7.00,NA,NA,0,0,0,0,0,UNR,Y,fish spotted
,,6/30/2015,Summer Camp Creek,SCC4-15-7,5127,SSMC3,939,19,11.10,8.60,78.5,7.88,0.060,NA,3.00,2.50,0.19,0.07,0.01,0.19,4.70,0.21,0.20,0.24,0.39,0.20,6.00,0.26,WD,0,0,0,0,0,UNR,Y,
,,6/30/2015,Summer Camp Creek,SCC4-15-7,5128,FTRP5,953,18,11.30,8.79,80.2,7.78,0.059,NA,11.00,1.40,0.06,0.07,0.03,0.11,2.10,0.14,0.22,0.20,0.30,0.19,6.00,NA,NA,0,0,0,0,0,UNR,Y,
,,6/30/2015,Summer Camp Creek,SCC4-15-7,5129,SSPL4,1003,22,11.60,8.50,77.9,7.84,0.059,,2.20,2.50,0.06,0.15,0.05,0.17,3.40,0.26,0.30,0.26,0.38,0.21,8.00,2.60,WD,0,0,0,0,0,UNR,Y,jump height not recorded.
,,6/30/2015,Summer Camp Creek,SCC4-15-7,5130,FTRF6,1018,23,12.10,8.44,78.4,7.84,0.059,NA,19.00,1.50,0.08,0.12,0.04,0.13,2.50,0.15,0.27,0.24,0.33,0.20,7.00,NA,NA,0,0,0,0,0,UNR,Y,
,,6/30/2015,Summer Camp Creek,SCC4-15-7,5131,SSLS5,1048,24,12.30,7.85,73.4,7.94,0.060,NA,1.30,2.10,0.10,0.14,0.05,0.21,2.40,0.38,0.32,0.23,0.39,0.18,4.00,0.25,BO,1,0,1,0.8,0,UNR,Y,
,,6/30/2015,Summer Camp Creek,SCC4-15-7,5132,FTRF7,1104,24,12.60,8.29,78.0,7.98,0.060,NA,16.00,1.30,0.06,0.10,0.07,0.13,1.90,0.22,0.28,0.18,0.35,0.22,4.00,NA,NA,0.5,0,0.5,0.8,0,UNR,Y,
,,6/30/2015,Summer Camp Creek,SCC4-15-7,5133,FTRP8,1118,24,13.10,7.86,74.7,7.96,0.059,NA,30.00,1.80,0.00,0.06,0.02,0.14,2.17,0.30,0.35,0.25,0.37,0.23,4.00,NA,NA,8,7,15,0.4,0.3,UNR,Y,Cobble out of water at 25% width.
,,6/30/2015,Summer Camp Creek,SCC4-15-7,5134,SSMC6,1145,25,13.60,7.91,76.6,7.96,0.059,NA,2.30,2.20,0.04,0.07,0.07,0.12,2.80,0.24,0.22,0.24,0.31,0.19,3.00,0.26,BO,0,3,3,0,0.7,UNR,Y,
,,6/30/2015,Summer Camp Creek,SCC4-15-7,5135,FTRP9,1258,24,14.70,7.81,77.0,7.99,0.059,NA,22.00,1.43,0.09,0.06,0.06,0.12,2.10,0.23,0.22,0.22,0.31,0.19,3.00,NA,NA,4,1.25,5.25,7.5,1,UNR,Y,Braid at top of unit.
,,6/30/2015,Summer Camp Creek,SCC4-15-7,5136,FTRF10,1330,24,15.00,7.81,77.5,8.07,0.059,NA,8.00,2.30,0.05,0.09,0.03,0.10,2.80,0.24,0.26,0.22,0.29,0.19,4.00,NA,NA,8,0.5,8.5,1,0.5,UNR,Y,Long unstable island in majority of riffle.
,,6/30/2015,Summer Camp Creek,SCC4-15-7,5137,SSLS7,1351,25,14.90,7.37,72.5,8.05,0.059,NA,3.00,2.79,0.06,0.12,0.06,0.15,3.05,0.28,0.34,0.28,0.37,0.22,5.00,0.29,SB,0,3,3,0,0.6,UNR,Y,Pool complex - pool crest depth taken below 1st pool - not end of unit.
,,6/30/2015,Summer Camp Creek,SCC4-15-7,5138,FTRP11,1407,21,15.00,7.62,75.7,8.05,0.059,NA,12.50,1.35,0.02,0.09,0.03,0.13,1.50,0.22,0.29,0.23,0.33,0.20,4.00,NA,NA,0,1,1,0,0.5,UNR,Y,
,,6/30/2015,Summer Camp Creek,SCC4-15-7,5139,SSLS8,1433,25,15.00,7.63,75.7,8.05,0.059,NA,2.70,1.90,0.13,0.11,0.07,0.13,2.05,0.32,0.30,0.26,0.32,0.19,4.00,0.29,SB,2.5,0,2.5,0.3,0,UNR,Y,2-pool complex divided by small drop ~2 in. tall/1 ft wide; good undercut  in top pool; fish spotted.
,,6/30/2015,Summer Camp Creek,SCC4-15-7,5140,FTRP12,1445,25,15.10,7.56,74.9,8.04,0.059,NA,1.70,1.70,0.04,0.10,0.08,0.13,2.10,0.23,0.29,0.27,0.32,0.19,3.00,NA,NA,0,0,0,0,0,UNR,Y,
,,6/30/2015,Summer Camp Creek,SCC5-15-8,5151,SSPL1,848,17,8.63,9.28,79.6,6.91,0.063,0.130,1.60,1.10,0.18,0.19,0.12,0.19,2.50,0.27,0.18,0.19,0.34,0.15,13.00,0.23,SUB,0,0,0,0,0,SLPT,Y,SUB = substrate
,,6/30/2015,Summer Camp Creek,SCC5-15-8,5152,FTRF1,926,20,8.93,9.75,84.0,6.85,0.059,NA,30.30,0.74,0.09,0.10,0.07,0.14,2.40,0.06,0.17,0.25,0.29,0.15,62.00,NA,NA,0,0,0,0,0,SLPT,Y,
,,6/30/2015,Summer Camp Creek,SCC5-15-8,5153,SIDEF1,944,NA,NA,NA,NA,NA,NA,NA,24.00,0.30,NA,NA,NA,0.08,NA,NA,NA,NA,NA,NA,NA,NA,NA,NA,NA,NA,NA,NA,SLPT,Y,
,,6/30/2015,Summer Camp Creek,SCC5-15-8,5154,SSPL2,955,19,9.19,9.57,83.6,7.16,0.060,0.180,2.70,0.65,0.14,0.17,0.15,0.17,3.20,0.36,0.34,0.22,0.40,0.23,6.50,0.31,WD,0,0,0,0,0,SLPT,Y,
,,6/30/2015,Summer Camp Creek,SCC5-15-8,5155,FTRF2,1025,22,9.59,9.49,84.0,6.91,0.062,NA,19.90,1.40,0.11,0.10,0.06,0.14,1.40,0.28,0.26,0.24,0.31,0.17,5.00,NA,NA,0,0,0,0,0,SLPT,Y,may be a rapid
,,6/30/2015,Summer Camp Creek,SCC5-15-8,5156,SSPL3,1045,23,9.86,9.70,85.4,6.90,0.062,0.210,2.30,2.00,0.17,0.18,0.09,0.25,2.20,0.27,0.44,0.34,0.46,0.21,4.15,0.30,BO,0,0,0,0,0,SLPT,Y,"Jump heights were 0.15 and 0.21, so used the largest one (0.21)."
,,6/30/2015,Summer Camp Creek,SCC5-15-8,5157,FTRP3,1104,24,10.11,9.25,83.5,6.90,0.062,NA,23.40,1.00,0.04,0.08,0.05,0.16,1.95,0.23,0.29,0.22,0.37,0.21,2.95,NA,NA,0,0,0,0,0,SLPT,Y,rapid
,,6/30/2015,Summer Camp Creek,SCC5-15-8,5158,SSPL4,1118,24,10.35,9.42,84.2,7.11,0.062,0.090,3.00,0.81,0.06,0.16,0.06,0.18,2.20,0.19,0.14,0.36,0.43,0.25,6.20,0.36,SUB,0,0,0,0,0,SLPT,Y,
,,6/30/2015,Summer Camp Creek,SCC5-15-8,5159,SSPL5,1135,25,10.83,9.15,82.8,7.24,0.065,0.200,2.80,0.80,0.13,0.15,0.09,0.15,1.90,0.44,0.10,0.23,0.47,0.32,4.90,0.40,BO,0,0,0,0,0,SLPT,Y,
,,6/30/2015,Summer Camp Creek,SCC5-15-8,5160,SSPL6,1157,25,11.18,9.01,82.1,7.08,0.062,0.160,4.10,1.65,0.04,0.11,0.09,0.18,2.65,0.31,0.35,0.41,0.49,0.31,4.90,0.38,SUB,0,0,0,0,0,SLPT,Y,
,,6/30/2015,Summer Camp Creek,SCC5-15-8,5161,FTRP4,1312,24,10.79,9.07,81.8,7.16,0.063,NA,22.50,1.10,0.05,0.12,0.10,0.16,2.20,0.44,0.37,0.37,0.54,0.38,3.90,NA,NA,0,0,0,0,0,SLPT,Y,
,,6/30/2015,Summer Camp Creek,SCC5-15-8,5162,SSPL7,1327,23,10.67,8.99,81.0,6.97,0.063,0.140,1.50,1.30,0.11,0.19,0.15,0.31,2.65,0.36,0.45,0.35,0.61,0.30,4.75,0.37,SUB,0,0,0,0,0,SLPT,Y,
,,6/30/2015,Summer Camp Creek,SCC5-15-8,5163,FTRP5,1344,24,10.64,9.26,83.3,7.02,0.062,NA,7.80,1.85,0.07,0.05,0.05,0.13,2.60,0.36,0.36,0.29,0.48,0.35,4.30,NA,NA,0,0,0,0,0,SLPT,Y,
,,6/30/2015,Summer Camp Creek,SCC5-15-8,5164,FTCC6,1405,25,10.58,9.27,83.3,6.97,0.061,NA,3.80,0.95,0.07,0.11,0.08,0.13,4.30,0.43,0.33,0.35,0.40,0.27,6.30,NA,NA,0,0,0,0,0,SLPT,Y,
,,6/30/2015,Summer Camp Creek,SCC5-15-8,5165,FTRP7,1416,25,10.51,9.23,82.8,6.95,0.065,NA,19.70,1.30,0.09,0.09,0.04,0.15,3.15,0.31,0.27,0.16,0.39,0.24,4.35,NA,NA,0,0,0,0,0,SLPT,Y,
,,6/30/2015,Summer Camp Creek,SCC5-15-8,5166,SSPL8,1438,24,10.54,9.10,81.6,6.97,0.060,0.150,1.00,0.85,0.18,0.21,0.14,0.22,6.30,0.32,0.14,0.53,0.62,0.40,8.20,0.48,BO,0,0,0,0,0,SLPT,Y,
,,6/30/2015,Summer Camp Creek,SCC5-15-8,5167,FTRP8,1455,26,10.65,8.94,80.4,7.05,0.063,NA,13.50,1.00,0.12,0.10,0.05,0.14,4.20,0.29,0.35,0.36,0.43,0.29,5.40,NA,NA,0,0,0,0,0,SLPT,Y,
,,6/30/2015,Summer Camp Creek,SCC5-15-8,5168,SSMC9,1521,24,10.49,9.01,80.6,6.94,0.062,NA,2.60,1.60,0.06,0.15,0.11,0.16,2.10,0.33,0.43,0.34,0.42,0.26,3.25,0.35,SUB,0,0,0,0,0,SLPT,Y,
,,6/30/2015,Summer Camp Creek,SCC5-15-8,5169,FTRP9,1535,25,10.38,9.04,80.9,6.64,0.063,NA,9.90,1.90,0.08,0.08,0.09,0.11,2.10,0.36,0.43,0.37,0.42,0.31,3.80,NA,NA,0,0,0,0,0,SLPT,Y,
,,6/30/2015,Summer Camp Creek,SCC5-15-8,5170,SSLS10,1547,26,10.47,8.91,79.7,6.94,0.062,NA,1.70,1.50,0.06,0.17,0.12,0.17,2.50,0.37,0.39,0.50,0.52,0.35,5.10,0.45,SUB,0,0,0,0,0,SLPT,Y,
,,6/26/2015,Mahogany Creek,MC2-326,91,FNRN1,713,19,12.30,8.03,75.2,7.34,0.101,NA,2.50,1.32,0.14,0.13,0.16,0.21,1.25,0.33,0.31,0.33,0.41,0.20,2.25,NA,NA,2.5,0,2.5,0.4,0,UNR,Y,
,,6/26/2015,Mahogany Creek,MC2-326,92,SSLS1,742,20,12.40,7.58,73.9,7.86,0.101,NA,5.80,1.17,0.61,0.45,0.31,0.66,1.55,0.49,0.50,0.46,0.87,0.21,50.00,0.10,WD,5.8,5.8,11.6,0.25,0.25,UNR,Y,BF width was not taken at deepest part due to extreme scour.
,,6/26/2015,Mahogany Creek,MC2-326,93,FTRF2,820,22,12.50,8.39,78.9,7.88,0.100,NA,3.60,1.34,0.06,0.08,0.07,0.14,,0.31,0.32,0.22,0.35,0.21,2.00,NA,NA,0,0,0,0,0,UNR,Y,"BF width doesn't make sense - it was originally recorded as 0.21; therefore, left it blank for now."
,,6/26/2015,Mahogany Creek,MC2-326,94,SSLS2,842,22,12.60,6.90,66.6,7.76,0.101,NA,3.00,1.13,0.23,0.12,0.14,0.18,,0.33,0.21,0.15,0.38,0.20,20.00,0.07,SB,0,0,0,0,0,UNR,Y,"BF width doesn't make sense - it was originally recorded as 0.14; therefore, left it blank for now."
,,6/26/2015,Mahogany Creek,MC2-326,95,FTRF3,901,22,12.70,8.26,78.1,7.81,0.100,NA,24.30,1.31,0.04,0.18,0.16,0.20,2.41,0.08,0.38,0.34,0.39,0.19,3.00,NA,NA,17.45,6.5,23.95,1.5,1,UNR,Y,
,,9/29/2015,Mahogany Creek,MC2-326,96,SSLS3,1428,30,17.00,7.83,81.0,6.75,0.108,NA,3.00,2.11,0.09,0.20,0.24,0.24,2.45,0.32,0.37,0.39,0.48,0.24,13.45,0.36,SB,0,2.5,2.5,0.5,0,UNR,Y,
,,9/29/2015,Mahogany Creek,MC2-326,97,FTRF4,1449,30,17.16,7.96,82.7,7.24,0.108,NA,3.25,1.62,0.02,0.07,0.01,0.09,1.80,0.20,0.24,0.20,0.32,0.23,2.00,NA,NA,0,1.5,1.5,0,0.25,UNR,Y,
,,9/29/2015,Mahogany Creek,MC2-326,98,SSMC4,1502,29,17.22,7.87,81.7,7.34,0.108,NA,3.50,1.65,0.23,0.27,0.10,0.26,1.85,0.50,0.50,0.30,0.51,0.25,51.00,0.33,SB,3.5,2,5.5,0.5,0.25,UNR,Y,FPW recorded as >50 m so entered 51 for analysis purposes.
,,9/29/2015,Mahogany Creek,MC2-326,99,FTRF5,1522,28,17.27,7.98,82.9,7.35,0.107,NA,12.00,1.60,0.01,0.06,0.08,0.18,2.25,0.22,0.26,0.26,0.38,0.20,2.50,NA,NA,6,4.5,10.5,0.25,0.25,UNR,Y,
,,9/29/2015,Mahogany Creek,MC2-326,100,FNRN6,1533,28,17.25,7.66,79.7,7.37,0.108,NA,3.00,2.00,0.07,0.07,0.04,0.16,2.15,0.32,0.28,0.25,0.38,0.22,6.00,NA,NA,3,0.5,3.5,0.5,0.25,UNR,Y,
,,9/29/2015,Mahogany Creek,MC2-326,101,FTRF7,1546,28,17.20,7.89,81.9,7.33,0.108,NA,25.50,1.45,0.08,0.08,0.05,0.19,2.05,0.29,0.29,0.28,0.44,0.25,12.00,NA,NA,0,0,0,0,0,UNR,Y,
,,9/29/2015,Mahogany Creek,MC2-326,102,SSLS5,1603,27,17.17,7.59,78.9,7.48,0.109,NA,9.00,3.41,0.12,0.33,0.39,0.38,3.10,0.15,0.51,0.54,0.54,0.24,15.00,0.36,SB,1,6,7,0.25,0.3,UNR,Y,
,,9/29/2015,Mahogany Creek,MC2-326,103,FNRN8,1626,28,17.18,7.91,82.1,7.39,0.109,NA,6.00,1.71,0.18,0.18,0.20,0.20,2.20,0.27,0.44,0.42,0.48,0.28,6.00,NA,NA,0,0,0,0,0,UNR,Y,
,,9/29/2015,Mahogany Creek,MC2-326,104,FTRF9,1638,27,17.24,7.90,82.2,7.36,0.109,NA,7.00,1.56,0.07,0.13,0.06,0.13,2.30,0.14,0.26,0.28,0.37,0.24,9.30,NA,NA,1,0,1,0.5,0,UNR,Y,
,,9/29/2015,Mahogany Creek,MC2-326,105,SSLS6,1711,28,17.28,7.68,79.7,7.38,0.109,NA,5.00,2.25,0.26,0.37,0.23,0.44,2.25,0.54,0.52,0.40,0.67,0.23,23.00,0.34,SB,0.5,0.5,1,0.25,0.5,UNR,Y,
,,9/29/2015,Mahogany Creek,MC2-326,106,FTRF10,1733,28,17.28,7.85,81.7,7.36,0.110,NA,11.00,1.00,0.09,0.10,0.06,0.14,3.15,0.40,0.26,0.21,0.51,0.27,24.50,NA,NA,6,6,12,0.65,0.25,UNR,Y,
,,7/1/2015,Mahogany Creek,MC2-326,107,SSLS7,703,20,13.61,8.60,82.9,7.22,0.110,NA,3.50,1.05,0.12,0.14,0.23,0.23,2.20,0.26,0.35,0.43,0.51,0.28,5.50,0.37,SB,1.25,0.75,2,0.4,0.5,UNR,Y,~4-in fish 7/23
,,7/1/2015,Mahogany Creek,MC2-326,108,FTRF11,720,20,13.63,8.52,81.8,7.23,0.109,NA,3.20,1.35,0.05,0.06,0.04,0.13,2.00,0.18,0.33,0.30,0.40,0.27,2.25,NA,NA,3.2,3.2,6.4,0.4,0.25,UNR,Y,
,,7/1/2015,Mahogany Creek,MC2-326,109,SSMC8,733,20,13.68,8.56,82.7,7.25,0.109,NA,4.50,1.50,0.05,0.19,0.11,0.18,2.40,0.26,0.32,0.33,0.43,0.25,3.40,0.34,SB,4.5,0,4.5,0.7,0,UNR,Y,
,,7/1/2015,Mahogany Creek,MC2-326,110,FTRF12,753,20,13.76,8.78,84.9,7.24,0.108,NA,7.00,1.30,0.09,0.08,0.06,0.14,1.90,0.24,0.32,0.28,0.37,0.23,8.00,NA,NA,7,5,12,7.5,0.5,UNR,Y,
,,7/7/2015,Summer Camp Creek,SCC3-486,5091,FTRF1,840,15,11.10,8.67,78.8,7.52,0.607,NA,35.00,1.30,0.06,0.08,0.10,0.13,1.60,0.21,0.27,0.23,0.34,0.21,4.60,NA,NA,0,0,0,0,0,UNR,Y,
,,7/7/2015,Summer Camp Creek,SCC3-486,5092,SSLS1,905,16,11.20,8.37,76.3,7.76,0.607,NA,1.00,2.10,0.14,0.00,0.03,0.23,3.35,0.47,0.36,0.27,0.64,0.41,6.85,0.47,BO,0,0,0,0,0,UNR,Y,
,,7/7/2015,Summer Camp Creek,SCC3-486,5093,FTRF2,914,16,11.30,8.51,77.7,7.79,0.605,NA,21.60,1.40,0.05,0.09,0.11,0.18,3.10,0.17,0.23,0.35,0.44,0.26,4.70,NA,NA,0,0,0,0,0,UNR,Y,
,,7/7/2015,Summer Camp Creek,SCC3-486,5094,FNRN3,942,15,11.40,7.44,69.2,7.82,0.608,NA,4.40,1.80,0.05,0.13,0.08,0.14,3.00,0.35,0.52,0.52,0.55,0.41,14.50,NA,NA,0,0,0,0,0,UNR,Y,
,,7/7/2015,Summer Camp Creek,SCC3-486,5095,FTRF4,955,16,11.50,8.40,77.1,7.85,0.606,NA,4.80,1.50,0.04,0.04,0.08,0.16,2.70,0.21,0.50,0.52,0.59,0.43,14.70,NA,NA,0,0,0,0,0,UNR,Y,
,,7/7/2015,Summer Camp Creek,SCC3-486,5096,SSMC2,1010,16,11.60,8.67,80.5,7.90,0.604,NA,4.10,1.50,0.09,0.22,0.14,0.24,3.60,0.20,0.41,0.62,0.65,0.41,23.10,0.50,BO,0,0,0,0,0,UNR,Y,
,,7/7/2015,Summer Camp Creek,SCC3-486,5097,FTRF5,1041,17,12.00,8.28,77.2,7.98,0.603,NA,9.60,1.90,0.07,0.06,0.05,0.16,3.20,0.14,0.21,0.41,0.53,0.37,18.20,NA,NA,0,0,0,0,0,UNR,Y,
,,7/7/2015,Summer Camp Creek,SCC3-486,5098,SSMC3,1056,17,12.30,8.16,76.8,8.01,0.603,NA,2.00,1.55,0.06,0.21,0.13,0.22,2.60,0.43,0.59,0.24,0.64,0.42,32.60,0.50,BO,0,0,0,0,0,UNR,Y,
,,7/7/2015,Summer Camp Creek,SCC3-486,5099,FTRF6,1108,19,12.80,8.08,77.1,8.01,0.600,NA,34.00,1.45,0.05,0.10,0.10,0.14,3.70,0.17,0.36,0.39,0.45,0.31,17.20,NA,NA,0,0,0,0,0,UNR,Y,Flow done in this unit.
,,7/7/2015,Summer Camp Creek,SCC3-486,5100,FNRN7,1126,19,13.80,8.11,76.9,8.07,0.601,NA,3.00,1.20,0.11,0.11,0.09,0.16,3.45,0.40,0.20,0.29,0.55,0.39,9.95,NA,NA,0,0,0,0,0,UNR,Y,
,,7/7/2015,Summer Camp Creek,SCC3-486,5101,FTRF8,1148,17,13.70,8.03,77.3,8.01,0.607,NA,47.00,0.69,0.07,0.10,0.10,0.18,2.40,0.49,0.31,0.23,0.59,0.41,13.40,NA,NA,0,0,0,0,0,UNR,Y,
,,7/7/2015,Summer Camp Creek,SCC3-486,5102,SIDEF1,NA,NA,NA,NA,NA,NA,NA,NA,6.90,0.74,NA,NA,NA,0.12,NA,NA,NA,NA,NA,NA,NA,NA,NA,NA,NA,NA,NA,NA,UNR,Y,
,,7/7/2015,Summer Camp Creek,SCC3-486,5103,FTRP9,1316,16,12.80,8.37,79.1,7.94,0.609,NA,21.50,1.45,0.07,0.08,0.02,0.16,3.60,0.18,0.46,0.38,0.54,0.38,3.60,NA,NA,3.7,5,8.7,0.44,1,UNR,Y,
,,7/7/2015,Summer Camp Creek,SCC3-486,5104,SSPL4,1419,18,14.50,7.06,71.0,7.38,0.606,0.560,2.60,3.70,0.25,0.39,0.30,0.44,3.10,0.58,0.76,0.82,0.84,0.40,13.10,0.47,BR,0,0.81,0.81,0,0.43,UNR,Y,
,,7/7/2015,Summer Camp Creek,SCC3-486,5105,WF1,NA,NA,NA,NA,NA,NA,NA,NA,NA,1.33,NA,NA,NA,NA,NA,NA,NA,NA,NA,NA,NA,NA,NA,NA,NA,NA,NA,NA,UNR,Y, 
,,7/7/2015,Summer Camp Creek,SCC3-486,5106,FTRF10,1436,19,14.40,7.91,77.2,7.95,0.608,NA,50.50,1.15,0.10,0.10,0.07,0.17,4.60,0.15,0.50,0.09,0.57,0.40,13.60,NA,NA,0,0,0,0,0,UNR,Y,
,,7/7/2015,Summer Camp Creek,SCC3-486,5107,FTRP11,1511,20,14.00,7.75,75.4,7.95,0.609,NA,49.00,2.00,0.04,0.10,0.07,0.15,3.90,0.28,0.47,0.45,0.56,0.41,16.40,NA,NA,0,0,0,0,0,UNR,Y,
,,7/7/2015,Summer Camp Creek,SCC3-486,5108,SSMC5,1535,20,14.30,7.42,72.2,7.98,0.605,NA,2.60,2.30,0.14,0.24,0.10,0.28,2.80,0.44,0.48,0.41,0.59,0.31,6.30,0.40,BO,0,0,0,0,0,UNR,Y,
,,7/7/2015,Summer Camp Creek,SCC3-486,5109,FTRP12,1606,18,14.10,8.10,78.7,7.84,0.608,NA,24.50,0.90,0.15,0.00,0.08,0.14,4.40,0.17,0.60,0.28,0.63,0.49,18.90,NA,NA,0,0,0,0,0,UNR,Y,
,,7/7/2015,Summer Camp Creek,SCC3-486,5110,FTRF13,1621,18,13.60,7.87,76.0,7.92,0.612,NA,16.00,0.90,0.02,0.12,0.11,0.13,2.50,0.13,0.35,0.14,0.45,0.32,7.00,NA,NA,0,0,0,0,0,UNR,Y,
,,7/7/2015,Summer Camp Creek,SCC2-15-5,5031,SSPL1,944,16,12.73,8.70,81.8,7.16,0.067,0.130,1.20,3.11,0.14,0.08,0.00,0.21,3.68,0.37,0.36,0.33,0.29,0.26,4.00,0.34,WD,0,0.5,0.5,0,0.25,SLPT,Y,
,,7/7/2015,Summer Camp Creek,SCC2-15-5,5032,FTRP1,1022,17,12.84,8.78,83.0,7.05,0.064,NA,5.30,1.42,0.05,0.14,0.12,0.17,1.67,0.28,0.37,0.32,0.40,0.23,4.00,NA,NA,0,0,0,0,0,SLPT,Y,
,,7/7/2015,Summer Camp Creek,SCC2-15-5,5033,SSPL2,1043,19,13.07,8.70,82.7,7.08,0.067,0.220,1.50,1.28,0.18,0.14,0.11,0.19,1.56,0.42,0.34,0.29,0.43,0.24,6.00,0.32,BO,0.25,0,0.25,0.25,0,SLPT,Y,
,,7/7/2015,Summer Camp Creek,SCC2-15-5,5034,FTRP2,1112,21,13.28,8.53,81.5,7.13,0.067,NA,10.00,1.78,0.06,0.02,0.02,0.15,1.91,0.20,0.20,0.20,0.41,0.26,6.00,NA,NA,0,2.5,2.5,0,0.25,SLPT,Y,
,,7/7/2015,Summer Camp Creek,SCC2-15-5,5035,SSMC3,1138,23,13.51,8.55,82.0,7.14,0.067,NA,2.00,1.64,0.03,0.10,0.14,0.15,2.33,0.27,0.28,0.30,0.38,0.23,3.33,0.31,WD,0,0.75,0.75,0,0.2,SLPT,Y,
,,7/7/2015,Summer Camp Creek,SCC2-15-5,5036,FTRF3,1200,22,13.83,8.45,81.8,7.18,0.067,NA,5.00,1.40,0.05,0.06,0.02,0.09,2.35,0.31,0.34,0.30,0.35,0.26,3.00,NA,NA,0,4,4,0,0.3,SLPT,Y,
,,7/7/2015,Summer Camp Creek,SCC2-15-5,5037,SSLS4,1219,20,13.88,8.23,79.6,7.26,0.067,NA,1.80,1.30,0.03,0.06,0.17,0.17,1.71,0.20,0.37,0.44,0.46,0.29,3.00,0.34,WD,0.9,0,0.9,0.25,0,SLPT,Y,
,,7/7/2015,Summer Camp Creek,SCC2-15-5,5038,FTRF4,1401,23,14.56,8.28,81.4,7.24,0.068,NA,2.00,1.34,0.02,0.00,0.00,0.10,1.90,0.27,0.24,0.17,0.35,0.25,2.00,NA,NA,0,2,2,0,0.6,SLPT,Y,
,,7/7/2015,Summer Camp Creek,SCC2-15-5,5039,SSPL5,1415,22,14.54,7.73,75.8,7.35,0.068,0.170,2.00,2.00,0.15,0.20,0.15,0.27,1.13,0.38,0.32,0.23,0.54,0.27,2.25,0.32,BO,0,1,1,0,0.8,SLPT,Y,
,,7/7/2015,Summer Camp Creek,SCC2-15-5,5040,FTRP5,1437,22,14.91,8.14,80.6,7.16,0.068,NA,10.00,1.30,0.06,0.02,0.04,0.10,2.41,0.30,0.34,0.32,0.38,0.28,3.50,NA,NA,3,7,10,0.75,0.5,SLPT,Y,
,,7/7/2015,Summer Camp Creek,SCC2-15-5,5041,SSPL6,1510,22,14.91,7.92,78.5,7.08,0.068,0.320,1.00,1.78,0.05,0.13,0.10,0.15,2.70,0.33,0.41,0.39,0.42,0.27,3.20,0.25,BO,0,1,1,0,0.5,SLPT,Y,
,,7/8/2015,Summer Camp Creek,SCC2-15-5,5042,FTRP6,845,13,11.95,9.00,83.4,7.10,0.068,NA,13.00,1.49,0.08,0.07,0.07,0.13,2.03,0.31,0.21,0.32,0.42,0.29,3.50,NA,NA,0,0.5,0.5,0,0.25,SLPT,Y,
,,7/8/2015,Summer Camp Creek,SCC2-15-5,5043,SSMC7,857,13,12.00,8.67,80.7,7.23,0.067,NA,2.50,2.11,0.13,0.26,0.21,0.26,2.68,0.42,0.61,0.48,0.56,0.30,4.00,0.39,BO,0,1,1,0,0.2,SLPT,Y,
,,7/8/2015,Summer Camp Creek,SCC2-15-5,5044,FTCC7,917,13,12.10,8.81,82.1,7.07,0.068,NA,4.80,1.04,0.07,0.18,0.08,0.20,1.68,0.19,0.45,0.19,0.52,0.32,2.50,NA,NA,0,0,0,0,0,SLPT,Y,Used scour line on BO to measure bankfull.
,,7/8/2015,Summer Camp Creek,SCC2-15-5,5045,SSMC8,950,15,12.26,8.63,80.5,6.98,0.068,NA,1.45,2.32,0.13,0.18,0.17,0.24,2.28,0.41,0.51,0.41,0.54,0.30,4.00,0.41,BO,0,0,0,0,0,SLPT,Y,
,,7/8/2015,Summer Camp Creek,SCC2-15-5,5046,SSPL9,1002,15,12.42,8.91,83.5,7.18,0.066,0.450,2.75,1.04,0.10,0.22,0.13,0.26,1.98,0.15,0.45,0.39,0.53,0.27,5.00,0.34,BO,0,0.25,0.25,0,0.25,SLPT,Y,
,,7/8/2015,Summer Camp Creek,SCC2-15-5,5047,SSPL10,1013,15,12.55,8.48,79.8,7.21,0.068,0.540,2.00,1.74,0.21,0.16,0.08,0.28,2.44,0.29,0.51,0.33,0.56,0.28,4.00,0.36,BO,0,0,0,0,0,SLPT,Y,".36 jump height to first little ""landing"""
,,7/8/2015,Summer Camp Creek,SCC2-15-5,5048,SSPL11,1033,14,12.58,8.71,82.1,7.18,0.068,0.450,1.60,1.30,0.04,0.15,0.20,0.25,1.66,0.28,0.32,0.48,0.51,0.26,2.50,0.43,BO,2,0,2,0.5,0,SLPT,Y,
,,7/8/2015,Summer Camp Creek,SCC2-15-5,5049,FTRF8,1054,14,12.58,8.49,79.9,7.14,0.069,NA,3.90,0.75,0.05,0.07,0.06,0.17,1.47,0.35,0.35,0.24,0.46,0.29,2.00,NA,NA,0.75,2,2.75,0.8,0.9,SLPT,Y,Good bankfull indicators.
,,7/8/2015,Summer Camp Creek,SCC2-15-5,5050,FTCC9,1117,13,12.52,9.01,84.7,6.92,0.058,NA,5.00,2.16,0.00,0.07,0.05,0.19,2.51,0.28,0.44,0.37,0.48,0.29,3.00,NA,NA,2,0,2,0.15,0,SLPT,Y,
,,7/9/2015,Mahogany Creek,MC7-817,331,SSMC1,724,10,9.40,8.73,76.1,7.35,0.075,NA,1.00,1.06,0.06,0.09,0.04,0.10,2.40,0.21,0.35,0.17,0.27,0.27,5.00,0.30,SUB,0,0,0,0,0,UNR,Y,
,,7/9/2015,Mahogany Creek,MC7-817,332,FTRF1,748,12,9.60,8.48,74.5,7.81,,NA,8.50,1.11,0.03,0.05,0.07,0.10,3.10,0.10,0.22,0.32,0.38,0.28,6.50,NA,NA,0,0,0,0,0,UNR,Y,"For EC, value seems suspiciously low, so left it blank for now."
,,7/9/2015,Mahogany Creek,MC7-817,333,SSLS2,804,12,9.70,8.62,75.7,7.86,0.076,NA,1.30,1.41,0.10,0.00,0.03,0.13,3.10,0.30,0.31,0.16,0.39,0.26,6.00,0.33,BO,0,0,0,0,0,UNR,Y,
,,7/9/2015,Mahogany Creek,MC7-817,334,FTRF2,827,14,9.90,8.75,77.4,7.90,0.076,NA,8.50,1.67,0.03,0.04,0.06,0.10,3.90,0.12,0.22,0.28,0.36,0.26,5.00,NA,NA,0,0,0,0,0,UNR,Y,
,,7/9/2015,Mahogany Creek,MC7-817,335,SSLS3,853,15,10.00,8.52,76.6,7.97,0.075,NA,1.30,1.35,0.00,0.10,0.12,0.14,2.10,0.21,0.28,0.39,0.40,0.26,3.00,0.35,BO,0,0,0,0,0,UNR,Y,
,,7/9/2015,Mahogany Creek,MC7-817,336,FTRF3,908,14,10.10,8.85,78.6,7.99,0.075,NA,1.00,1.32,0.01,0.08,0.07,0.10,2.30,0.14,0.27,0.23,0.35,0.25,3.00,NA,NA,0,0,0,0,0,UNR,Y,
,,7/9/2015,Mahogany Creek,MC7-817,337,SDDD4,914,14,10.10,8.38,74.2,8.02,0.075,NA,0.80,1.17,0.01,0.11,0.09,0.12,2.75,0.18,0.20,0.33,0.38,0.26,4.00,0.30,WD,0,0,0,0,0,UNR,Y,
,,7/9/2015,Mahogany Creek,MC7-817,338,FTRF4,934,14,10.30,8.77,78.1,8.02,0.075,NA,10.50,1.05,0.00,0.06,0.06,0.09,2.70,0.23,0.32,0.33,0.38,0.29,4.50,NA,NA,2,0,2,0.2,0,UNR,Y,
,,7/9/2015,Mahogany Creek,MC7-817,339,SSMC5,1226,17,12.80,7.94,75.4,7.75,0.073,NA,1.90,1.60,0.07,0.12,0.08,0.15,2.45,0.34,0.42,0.28,0.45,0.30,3.00,0.36,SUB,0,0,0,0,0,UNR,Y,
,,7/9/2015,Mahogany Creek,MC7-817,340,FTRF5,1240,17,13.60,7.96,76.6,8.16,0.074,NA,4.00,1.82,0.02,0.03,0.05,0.10,2.85,0.27,0.34,0.25,0.39,0.29,4.00,NA,NA,0,0,0,0,0,UNR,Y,
,,7/9/2015,Mahogany Creek,MC7-817,341,SSMC6,1257,17,13.90,7.98,77.4,8.21,0.074,NA,1.00,1.55,0.04,0.10,0.06,0.11,2.15,0.37,0.40,0.31,0.41,0.30,5.00,0.35,SUB,0,0,0,0,0,UNR,Y,
,,7/9/2015,Mahogany Creek,MC7-817,342,FTRF6,1311,18,14.10,7.83,76.1,8.21,,NA,4.50,1.09,0.06,0.04,0.01,0.08,2.70,0.20,0.33,0.22,0.37,0.29,4.50,NA,NA,0,2,2,0,1.5,UNR,Y,"For EC, value seems suspiciously low, so left it blank for now."
,,7/9/2015,Mahogany Creek,MC7-817,343,SSMC7,1322,18,13.90,7.65,74.2,8.13,0.075,NA,2.00,1.01,0.06,0.04,0.08,0.14,2.20,0.11,0.20,0.36,0.42,0.28,10.00,0.33,BO,0,2,2,0,0.75,UNR,Y,
,,7/9/2015,Mahogany Creek,MC7-817,344,FTRF7,1337,17,13.80,7.25,70.0,8.15,0.075,NA,4.00,1.00,0.00,0.06,0.04,0.08,2.30,0.13,0.26,0.05,0.36,0.28,4.00,NA,NA,0,0.5,0.5,0,0.25,UNR,Y,
,,7/9/2015,Mahogany Creek,MC7-817,345,SSMC8,1352,16,13.60,7.46,71.7,8.10,0.075,NA,1.10,1.00,0.04,0.13,0.08,0.15,1.60,0.24,0.29,0.43,0.44,0.29,5.00,0.34,SUB,0,0,0,0,0,UNR,Y,
,,7/9/2015,Mahogany Creek,MC7-817,346,FTRF8,1402,17,13.30,7.72,73.9,8.12,0.075,NA,2.10,1.10,0.01,0.04,0.00,0.08,1.56,0.31,0.28,0.30,0.37,0.29,4.50,NA,NA,0,0,0,0,0,UNR,Y,
,,7/9/2015,Mahogany Creek,MC7-817,347,SSPL9,1418,17,13.10,6.78,54.8,8.10,0.074,0.110,1.20,1.66,0.13,0.03,0.04,0.23,2.10,0.32,0.51,0.34,0.52,0.29,5.00,0.35,BO,0.25,0,0.25,0.25,0,UNR,Y,
,,7/9/2015,Mahogany Creek,MC7-817,348,FTRF9,1433,16,12.90,7.25,68.7,8.10,0.076,NA,9.00,1.31,0.01,0.05,0.06,0.09,1.70,0.28,0.35,0.32,0.39,0.30,4.00,NA,NA,0,0,0,0,0,UNR,Y,
,,7/9/2015,Mahogany Creek,MC7-817,349,SSLS10,1444,16,12.80,7.29,68.8,8.08,0.076,NA,1.60,2.64,0.00,0.13,0.01,0.13,3.20,0.28,0.37,0.27,0.41,0.28,5.50,0.34,SB,0,0,0,0,0,UNR,Y,
,,7/9/2015,Mahogany Creek,MC7-817,350,FTRF10,1504,15,12.90,7.73,73.2,8.07,0.077,NA,10.00,1.23,0.01,0.07,0.04,0.08,4.40,0.23,0.23,0.24,0.37,0.29,9.00,NA,NA,0,0,0,0,0,UNR,Y,
,,7/14/2015,Mahogany Creek,MC3-458,151,FTRF1,1703,22,13.20,8.45,80.3,7.70,0.103,NA,6.00,2.00,0.00,0.01,0.13,0.15,2.90,0.30,0.39,0.16,0.45,0.30,22.00,NA,NA,0,0,0,0,0,UNR,Y,Changed SO numbers and started working downstream of first units to stay out of gorge habitat. This reach is just below the MC gorge. Lots of big adult stoneflies!
,,7/14/2015,Mahogany Creek,MC3-458,152,SSLS1,1656,21,13.20,8.78,83.7,7.78,0.104,NA,3.25,2.10,0.04,0.13,0.17,0.23,2.50,0.29,0.35,0.26,0.46,0.23,18.00,0.36,BO/WD,0,2,2,0,0.5,UNR,Y,Formed by both BO and WD
,,7/14/2015,Mahogany Creek,MC3-458,153,FTRF2,1625,22,13.70,8.78,84.5,7.92,0.097,NA,4.50,2.00,0.05,0.06,0.08,0.10,2.35,0.28,0.31,0.32,0.34,0.24,20.00,NA,NA,0,0,0,0,0,UNR,Y,
,,7/14/2015,Mahogany Creek,MC3-458,154,FNRN3,1611,23,13.90,8.56,83.2,7.40,0.095,NA,3.50,1.27,0.10,0.13,0.11,0.21,1.85,0.20,0.30,0.33,0.40,0.19,25.00,NA,NA,0,0,0,0,0,UNR,Y,
,,7/14/2015,Mahogany Creek,MC3-458,155,SSLS2,1548,23,13.90,8.79,85.2,7.24,0.093,NA,3.50,2.00,0.18,0.19,0.11,0.20,1.65,0.28,0.18,0.11,0.44,0.24,27.00,0.36,SB,0,0,0,0,0,UNR,Y,
,,7/8/2015,Mahogany Creek,MC3-458,156,FTRP4,1019,15,12.70,8.36,78.8,8.01,0.091,NA,5.50,1.55,0.08,0.12,0.07,0.13,2.30,0.03,0.15,0.27,0.33,0.20,13.30,NA,NA,0,0,0,0,0,UNR,Y,
,,7/8/2015,Mahogany Creek,MC3-458,157,FNRN5,953,15,12.70,8.06,75.6,8.00,0.091,NA,4.40,1.25,0.12,0.15,0.10,0.18,2.00,0.37,0.42,0.35,0.43,0.25,27.00,NA,NA,0,0,0,0,0,UNR,Y,
,,7/8/2015,Mahogany Creek,MC3-458,158,FTRP6,907,14,12.50,8.69,81.7,7.84,0.090,NA,9.70,1.00,0.08,0.10,0.08,0.19,2.30,0.12,0.17,0.03,0.39,0.20,18.30,NA,NA,0,0,0,0,0,UNR,Y,
,,7/8/2015,Mahogany Creek,MC3-458,159,FNRN7,857,15,12.40,8.41,78.8,7.38,0.090,NA,2.40,1.45,0.15,0.15,0.09,0.19,1.80,0.30,0.32,0.25,0.36,0.17,21.80,NA,NA,0,0,0,0,0,UNR,Y,
,,6/29/2015,Mahogany Creek,MC3-458,160,SSMC3,1506,20,15.50,7.98,79.9,7.89,0.090,NA,1.05,1.21,0.08,0.24,0.18,0.25,1.85,0.20,0.39,0.28,0.45,0.20,18.00,0.32,BO,0,0,0,0,0,UNR,Y,
,,6/29/2015,Mahogany Creek,MC3-458,161,FTRF8,1536,26,15.40,8.11,81.2,8.02,0.093,NA,19.00,1.50,0.05,0.09,0.07,0.13,3.10,0.27,0.38,0.19,0.39,0.26,18.00,NA,NA,0,0,0,0,0,UNR,Y,Small pooly habitat.
,,6/29/2015,Mahogany Creek,MC3-458,162,SSMC4,1557,26,15.40,7.60,77.0,8.03,0.093,NA,2.20,1.72,0.18,0.20,0.01,0.21,2.05,0.36,0.35,0.23,0.40,0.19,7.00,NA,NA,0,0,0,0,0,UNR,Y,Old BF terrace. Pool crest depth and formed by not collected..
,,6/29/2015,Mahogany Creek,MC3-458,163,FTRP9,1639,27,15.20,7.31,71.2,7.96,0.094,NA,32.00,2.10,0.08,0.16,0.05,0.19,2.80,0.18,0.34,0.19,0.38,0.18,4.00,NA,NA,0,7,7,0,0.8,UNR,Y,
,,6/29/2015,Mahogany Creek,MC3-458,164,SSLS5,1658,28,15.20,7.65,75.7,7.94,0.093,NA,3.80,2.60,0.20,0.10,0.03,0.21,3.00,0.20,0.32,0.30,0.40,0.19,4.00,0.29,SB,3.8,0,3.8,0.9,0,UNR,Y,2-pool complex - measured deepest pool.
,,6/29/2015,Mahogany Creek,MC3-458,165,FTRF10,1740,27,15.10,7.63,75.5,7.94,0.095,NA,10.50,1.77,0.04,0.10,0.07,0.14,2.90,0.17,0.23,0.21,0.34,0.20,4.50,NA,NA,0,4,4,0,0.9,UNR,Y,
,,7/1/2015,Mahogany Creek,MC3-458,166,SSLS6,714,20,12.90,8.20,77.1,6.70,0.092,NA,1.50,2.40,0.06,0.13,0.13,0.16,3.20,0.22,0.31,0.34,0.35,0.19,4.00,0.27,SB,0,0,0,0,0,UNR,Y,No BF indicators - estimated height based on average of previous values.
,,7/1/2015,Mahogany Creek,MC3-458,167,FTRP11,735,20,12.90,8.47,80.4,7.64,0.092,NA,10.00,1.70,0.06,0.09,0.05,0.17,2.30,0.25,0.28,0.24,0.36,0.19,4.00,NA,NA,0,0,0,0,0,UNR,Y,No BF indicators - estimated height based on average of previous values.
,,7/1/2015,Mahogany Creek,MC3-458,168,SSLS7,749,20,12.90,8.41,79.9,7.82,0.091,NA,1.75,1.50,0.15,0.17,0.10,0.18,3.10,0.31,0.21,0.27,0.36,0.18,6.00,0.28,SB,0,0,0,0,0,UNR,Y,"Water leaching through rock pile in middle of channel; rocks raise the main channel, but still wet in lower part. Used main channel for wetted width. Starting to get into gorge at end of this unit."
,,7/1/2015,Mahogany Creek,MC3-458,169,FTRP12,815,20,13.00,8.22,77.9,7.97,0.090,NA,8.20,3.45,0.08,0.12,0.01,0.15,3.60,0.28,0.32,0.21,0.35,0.20,6.00,NA,NA,0,1,1,0,0.9,UNR,Y,No BF indicators - estimated height based on average of previous values.
,,7/1/2015,Mahogany Creek,MC3-458,170,SSPL8,832,21,13.00,8.43,80.1,7.98,0.088,NA,1.30,1.40,0.14,0.23,0.19,0.23,2.15,0.12,0.10,0.42,0.43,0.20,5.00,0.32,BO,0,0.7,0.7,0,0.8,UNR,Y,Last unit before gorge- runs right up to the base of the gorge.
,,7/15/2015,Mahogany Creek,MC6-604,271,SSLS1,842,15,8.11,7.94,67.3,6.42,0.101,NA,3.20,1.15,0.20,0.10,0.08,0.15,1.30,0.24,0.30,0.37,0.39,0.24,4.00,0.26,SB,0,0,0,0,0,Tribe,Y,
,,7/15/2015,Mahogany Creek,MC6-604,272,FNRN1,857,15,8.31,8.39,71.4,6.48,0.101,NA,4.95,1.00,0.05,0.06,0.01,0.14,1.46,0.33,0.33,0.24,0.41,0.27,3.00,NA,NA,0,0,0,0,0,Tribe,Y,
,,7/15/2015,Mahogany Creek,MC6-604,273,FTRF2,914,16,8.44,8.12,69.3,6.52,0.101,NA,5.85,1.58,0.02,0.04,0.10,0.12,1.85,0.29,0.25,0.33,0.35,0.23,3.00,NA,NA,5.85,0,5.85,0.5,0,Tribe,Y,
,,7/15/2015,Mahogany Creek,MC6-604,274,SSMC2,935,16,8.63,7.20,61.9,6.58,0.101,NA,3.43,1.68,0.11,0.22,0.13,0.21,1.87,0.35,0.46,0.36,0.47,0.26,3.50,0.30,SB,3.43,0,3.43,0.5,0,Tribe,Y,
,,7/15/2015,Mahogany Creek,MC6-604,275,SSLS3,1008,18,9.03,7.04,61.0,6.81,0.101,NA,4.90,2.42,0.07,0.00,0.22,0.39,2.30,0.28,0.31,0.45,0.64,0.25,6.00,0.28,SB,0,1.5,1.5,0,0.33,Tribe,Y,
,,7/15/2015,Mahogany Creek,MC6-604,276,FNRN3,1013,17,9.10,7.72,67.1,6.64,0.101,NA,3.20,0.75,0.05,0.05,0.06,0.14,1.05,0.25,0.26,0.25,0.36,0.22,4.50,NA,NA,0,0,0,0,0,Tribe,Y,
,,7/15/2015,Mahogany Creek,MC6-604,277,SSMC4,1036,17,9.44,7.21,63.1,6.76,0.100,NA,1.90,2.00,0.03,0.19,0.04,0.20,1.65,0.28,0.41,0.30,0.45,0.25,10.00,0.32,WD,1,0,1,0.25,0,Tribe,Y,
,,7/15/2015,Mahogany Creek,MC6-604,278,FTRF4,1101,18,9.84,7.89,69.7,6.61,0.100,NA,23.60,0.80,0.03,0.04,0.03,0.10,1.80,0.11,0.23,0.27,0.34,0.24,9.00,NA,NA,0,0,0,0,0,Tribe,Y,
,,7/15/2015,Mahogany Creek,MC6-604,279,SSLS5,1116,18,9.99,7.44,65.8,6.66,0.099,NA,2.50,0.93,0.18,0.14,0.08,0.20,2.25,0.34,0.23,0.19,0.47,0.27,32.00,0.30,SB,0,0,0,0,0,Tribe,Y,
,,7/15/2015,Mahogany Creek,MC6-604,280,FNRN5,1137,18,10.31,7.68,68.4,6.64,0.099,NA,11.10,0.74,0.03,0.04,0.03,0.08,2.47,0.19,0.25,0.16,0.31,0.23,5.00,NA,NA,0,0,0,0,0,Tribe,Y,
,,7/15/2015,Mahogany Creek,MC6-604,281,SSLS6,1258,18,10.28,7.41,66.1,6.59,0.097,NA,4.80,0.90,0.05,0.13,0.21,0.25,1.90,0.32,0.19,0.17,0.49,0.24,27.00,0.27,SB,0,0,0,0,0,Tribe,Y,
,,7/15/2015,Mahogany Creek,MC6-604,282,FNRN6,1322,20,10.28,7.27,64.8,6.81,0.098,NA,9.10,1.03,0.03,0.05,0.06,0.19,1.70,0.16,0.25,0.30,0.44,0.25,7.00,NA,NA,0,0,0,0,0,Tribe,Y,
,,7/15/2015,Mahogany Creek,MC6-604,283,SSLS7,1337,20,9.87,6.42,56.6,6.67,0.101,NA,4.05,1.61,0.27,0.19,0.11,0.29,1.75,0.52,0.46,0.30,0.55,0.26,8.00,0.28,SB,0,0,0,0,0,Tribe,Y,
,,7/15/2015,Mahogany Creek,MC6-604,284,FNRN7,1352,21,9.88,7.86,69.6,6.60,0.096,NA,10.60,0.79,0.04,0.04,0.02,0.06,1.10,0.23,0.27,0.27,0.29,0.23,2.60,NA,NA,0,0,0,0,0,Tribe,Y,
,,7/15/2015,Mahogany Creek,MC6-604,285,SSLS8,1400,20,9.82,7.36,65.0,6.79,0.097,NA,2.00,1.61,0.03,0.07,0.16,0.16,1.85,0.26,0.30,0.36,0.40,0.24,4.50,0.27,SB,0,1,1,0,0.5,Tribe,Y,
,,7/15/2015,Mahogany Creek,MC6-604,286,FNRN8,1417,20,9.38,6.53,57.0,6.64,0.096,NA,8.50,0.78,0.04,0.04,0.02,0.09,1.15,0.31,0.27,0.22,0.36,0.27,3.00,NA,NA,0,0.5,0.5,0,0.3,Tribe,Y,
,,7/15/2015,Mahogany Creek,MC6-604,287,SSMC9,1439,22,6.92,10.46,85.9,6.56,0.095,NA,3.30,1.20,0.17,0.10,0.06,0.17,1.80,0.37,0.28,0.18,0.40,0.23,5.00,0.26,Spring,0,0,0,0,0,Tribe,Y,
,,7/15/2015,Mahogany Creek,MC6-604,288,FNRN9,1455,23,12.28,6.74,63.0,6.94,0.100,NA,9.80,1.00,0.00,0.02,0.01,0.05,2.40,0.15,0.25,0.19,0.28,0.23,3.75,NA,NA,0,0,0,0,0,Tribe,Y,
,,7/15/2015,Mahogany Creek,MC6-604,289,SSMC10,1507,23,14.20,6.48,63.2,7.05,0.101,NA,2.30,1.52,0.10,0.08,0.02,0.13,1.72,0.32,0.33,0.28,0.39,0.26,4.00,0.27,WD,0,0,0,0,0,Tribe,Y,
,,7/15/2015,Mahogany Creek,MC6-604,290,FNRN10,1522,23,14.37,6.77,66.4,6.94,0.100,NA,7.80,0.82,0.01,0.01,0.02,0.06,0.90,0.23,0.23,0.24,0.27,0.21,2.00,NA,NA,0,0,0,0,0,Tribe,Y,
,,7/15/2015,Mahogany Creek,MC7-733,301,SSLS1,842,14,9.20,8.97,78.1,7.40,0.079,NA,1.50,1.11,0.21,0.25,0.11,0.21,1.11,0.45,0.49,0.07,0.48,0.27,3.00,0.31,SB,0,0.6,0.6,0,0.3,UNR,Y,
,,7/15/2015,Mahogany Creek,MC7-733,302,FTRF1,903,17,9.50,9.48,83.0,7.78,0.079,NA,4.40,0.70,0.09,0.05,0.02,0.09,2.10,0.35,0.24,0.03,0.38,0.29,3.00,NA,NA,0,0,0,0,0,UNR,Y,
,,7/15/2015,Mahogany Creek,MC7-733,303,SSMC2,929,18,10.10,8.66,75.6,7.93,0.079,NA,2.50,1.54,0.07,0.13,0.06,0.13,1.40,0.33,0.36,0.38,0.41,0.28,4.00,0.34,WD,0,0,0,0,0,UNR,Y,
,,7/15/2015,Mahogany Creek,MC7-733,304,FNRN2,949,18,10.50,9.00,80.4,7.96,0.079,NA,6.00,1.04,0.06,0.10,0.09,0.10,1.00,0.35,0.39,0.37,0.41,0.31,2.00,NA,NA,0,2,2,0,0.8,UNR,Y,
,,7/15/2015,Mahogany Creek,MC7-733,305,FTRF3,1007,19,11.00,8.59,77.8,7.98,0.079,NA,12.00,1.00,0.03,0.05,0.02,0.13,1.35,0.35,0.34,0.14,0.43,0.30,3.25,NA,NA,0,3.5,3.5,0,0.5,UNR,Y,
,,7/15/2015,Mahogany Creek,MC7-733,306,FNRN4,1027,19,11.40,8.75,80.2,7.98,0.079,NA,3.50,1.00,0.08,0.06,0.05,0.08,0.80,0.40,0.39,0.10,0.40,0.32,3.25,NA,NA,0,0,0,0,0,UNR,Y,
,,7/15/2015,Mahogany Creek,MC7-733,307,FTRF5,1102,18,12.10,8.50,79.1,7.98,0.078,NA,3.30,1.04,0.08,0.06,0.03,0.20,1.65,0.31,0.28,0.10,0.46,0.26,4.00,NA,NA,0,0,0,0,0,UNR,Y,
,,7/15/2015,Mahogany Creek,MC7-733,308,SSLS3,1117,20,12.30,7.96,74.6,7.97,0.078,NA,2.00,2.00,0.10,0.13,0.15,0.15,2.40,0.08,0.35,0.40,0.45,0.30,4.50,0.38,SB,0,1.25,1.25,0,0.5,UNR,Y,
,,7/15/2015,Mahogany Creek,MC7-733,309,FTRF6,1141,20,12.90,8.37,79.2,8.00,0.078,NA,12.00,0.89,0.05,0.04,0.04,0.10,1.20,0.33,0.34,0.30,0.39,0.29,4.00,NA,NA,0,0,0,0,0,UNR,Y,
,,7/15/2015,Mahogany Creek,MC7-733,310,SSMC4,1204,22,13.30,7.60,73.5,8.00,0.078,NA,3.00,1.30,0.09,0.10,0.10,0.12,0.85,0.30,0.38,0.40,0.42,0.30,5.25,0.35,SB,2,0,2,0.5,0,UNR,Y,
,,7/15/2015,Mahogany Creek,MC7-733,311,FTRF7,1452,23,15.60,7.62,76.5,7.94,0.078,NA,7.40,0.92,0.04,0.04,0.01,0.08,1.30,0.06,0.32,0.27,0.38,0.30,17.00,NA,NA,0,0,0,0,0,UNR,Y,
,,7/15/2015,Mahogany Creek,MC7-733,312,SSLS5,1513,23,16.20,6.67,67.9,7.97,0.078,NA,2.30,0.84,0.11,0.18,0.17,0.19,1.00,0.11,0.40,0.39,0.50,0.31,5.00,0.36,WD,0,0,0,0,0,UNR,Y,
,,7/16/2015,Mahogany Creek,MC7-733,313,FTRF8,757,11,8.50,9.56,81.8,7.85,0.080,NA,30.00,1.00,0.11,0.08,0.04,0.13,1.45,0.40,0.34,0.13,0.41,0.28,3.00,NA,NA,0,3,3,0,0.5,UNR,Y,
,,7/16/2015,Mahogany Creek,MC7-733,314,SSPL6,813,11,8.70,9.66,83.0,7.89,0.080,NA,0.84,1.30,0.03,0.08,0.12,0.14,1.15,0.30,0.38,0.21,0.42,0.28,3.00,0.33,BO,0,0,0,0,0,UNR,Y,
,,7/16/2015,Mahogany Creek,MC7-733,315,FNRN9,834,11,9.00,9.32,80.8,7.90,0.080,NA,7.00,1.00,0.02,0.05,0.07,0.08,1.20,0.27,0.36,0.35,0.38,0.30,3.25,NA,NA,0,0,0,0,0,UNR,Y,"7/24/2015: Changed to run from riffle (riffly at top, but predominantly slow water throughout the 7 m)."
,,7/16/2015,Mahogany Creek,MC7-733,316,SSLS7,851,19,9.30,9.05,78.7,7.92,0.079,NA,3.50,1.38,0.04,0.07,0.23,0.25,1.60,0.11,0.31,0.40,0.55,0.30,10.00,0.36,SUB,0,0,0,0,0,UNR,Y,
,,7/16/2015,Mahogany Creek,MC7-733,317,FNRN10,909,19,9.80,8.76,77.3,7.98,0.079,NA,10.00,0.84,0.03,0.12,0.11,0.14,1.25,0.37,0.44,0.17,0.41,0.30,2.50,NA,NA,0,0,0,0,0,UNR,Y,
,,7/16/2015,Mahogany Creek,MC7-733,318,FTRF11,928,20,10.50,8.44,75.4,7.99,0.079,NA,8.50,0.89,0.05,0.05,0.04,0.13,1.85,0.31,0.22,0.18,0.40,0.27,2.50,NA,NA,0,2,2,0,0.5,UNR,Y,
,,7/16/2015,Mahogany Creek,MC7-733,319,SSPL8,952,20,10.80,8.29,75.4,7.98,0.079,0.180,2.50,1.50,0.05,0.17,0.20,0.22,1.20,0.29,0.52,0.60,0.58,0.36,1.50,,BR,0,0.5,0.5,0,1,UNR,Y,Pool crest depth not collected.
,,7/16/2015,Mahogany Creek,MC7-733,320,FNSH12,1011,21,11.30,8.63,78.8,8.03,0.078,NA,1.50,0.39,0.03,0.04,0.01,0.06,1.05,0.28,0.37,0.31,0.37,0.31,1.50,NA,NA,0,0,0,0,0,UNR,Y,SO320: 7/24/2015 - changed from run go sheet because it's flowing over bedrock.
,,7/1/2015,Mahogany Creek,MC4-15-1,181,FTRF1,1454,30,17.50,7.55,79.0,6.89,0.079,NA,4.90,4.05,0.06,0.02,0.02,0.14,4.60,0.26,0.22,0.22,0.34,0.20,7.00,NA,NA,0,0,0,0,0,UNR,Y,Hard to estimate BF height in this reach because of boulder and wood. Tried to use scour marks on boulders and usually got 0.30 m. Very top of gorge. Lots of adult stoneflies!
,,7/1/2015,Mahogany Creek,MC4-15-1,182,SSLS1,1526,28,12.10,7.40,76.9,7.58,0.081,0.200,2.50,2.75,0.05,0.17,0.07,0.23,3.10,0.25,0.37,0.27,0.43,0.20,5.00,0.27,BO,0,0,0,0,0,UNR,Y,
,,7/1/2015,Mahogany Creek,MC4-15-1,183,FTCC2,1610,28,16.90,7.42,76.7,7.69,0.082,NA,4.50,1.15,0.09,0.11,0.04,0.14,2.46,0.41,0.37,0.12,0.44,0.30,4.00,NA,NA,0,0,0,0,0,UNR,Y,
,,7/1/2015,Mahogany Creek,MC4-15-1,184,SSPL2,1651,29,16.70,6.87,70.2,7.69,0.082,0.370,1.40,0.95,0.18,0.21,0.14,0.21,1.50,0.45,0.45,0.19,0.46,0.25,3.00,0.33,BO,0,0,0,0,0,UNR,Y,
,,7/1/2015,Mahogany Creek,MC4-15-1,185,FTCC3,1710,27,16.40,7.58,77.5,7.67,0.081,NA,2.65,1.88,0.04,0.01,0.04,0.12,2.70,0.02,0.25,0.31,0.33,0.30,4.00,NA,NA,0,0,0,0,0,UNR,Y,
,,7/2/2015,Mahogany Creek,MC4-15-1,186,SSPL3,735,17,13.40,7.06,67.4,7.11,0.079,0.340,2.25,1.82,0.26,0.22,0.09,0.28,1.65,0.56,0.52,0.39,0.58,0.30,5.00,0.41,BO,0,0,0,0,0,UNR,Y,Bankfull width < wetted width because of boulders jutting into water. Estimated BF height above water at 0.30 because of scour lines on canyon walls (see photos).
,,7/2/2015,Mahogany Creek,MC4-15-1,187,FTCC4,759,18,13.50,8.17,78.5,7.54,0.079,NA,1.80,2.00,0.24,0.00,0.07,0.24,2.01,0.54,0.00,0.37,0.54,0.30,3.00,NA,NA,0,0,0,0,0,UNR,Y,Small drop at bottom of cascade; boulder in middle at 50% width. BF height taken from right bank.
,,7/2/2015,Mahogany Creek,MC4-15-1,188,SSPL4,823,20,13.70,7.54,72.9,7.58,0.079,0.340,2.05,1.40,0.41,0.35,0.28,0.42,1.03,0.71,0.65,0.58,0.72,0.30,3.50,0.36,BO,0,0,0,0,0,UNR,Y,
,,7/2/2015,Mahogany Creek,MC4-15-1,189,FTRP5,859,24,13.90,7.66,74.6,7.57,0.079,NA,10.90,1.79,0.03,0.04,0.05,0.16,2.31,0.33,0.34,0.35,0.46,0.30,3.50,NA,NA,0,0,0,0,0,UNR,Y,"BF height above water here should be closer to 0.30 than 0.10 (see photos); therefore, added (0.3 - original height above water) to the bankfull depths for these units."
,,7/2/2015,Mahogany Creek,MC4-15-1,190,FTRF6,930,23,15.10,7.82,77.7,7.68,0.074,NA,9.60,0.94,0.04,0.09,0.09,0.16,2.80,0.28,0.37,0.41,0.39,0.30,2.80,NA,NA,0,0,0,0,0,UNR,Y,"Flow taken in this unit. BF height above water here should be closer to 0.30 than 0.10 (see photos); therefore, added (0.3 - original height above water) to the bankfull depths for these units."
,,7/2/2015,Mahogany Creek,MC4-15-1,191,SDOT5,1036,26,16.10,6.72,68.2,7.80,0.072,NA,3.40,2.14,0.12,0.09,0.08,0.18,2.33,0.42,0.39,0.38,0.48,0.30,3.50,0.33,BO,0,0,0,0,0,UNR,Y,"Multiple pool complex of small pools between boulders. ""OT"" = other. Multi-pool complex. Pools are dammed up by cobbles and boulders, but are also partially caused by WD (fallen tree parallel to channel) and mid-channel scours between boulders. BF height above water here should be closer to 0.30 than 0.10 (see photos); therefore, added (0.3 - original height above water) to the bankfull depths for these units."
,,7/2/2015,Mahogany Creek,MC4-15-1,192,SSMC6,1053,27,16.50,7.29,73.5,7.71,0.073,NA,2.40,1.70,0.23,0.21,0.22,0.26,1.65,0.53,0.51,0.56,0.56,0.30,3.00,0.36,BO,0,0,0,0,0,UNR,Y,"BF height above water here should be closer to 0.30 than 0.10 (see photos); therefore, added (0.3 - original height above water) to the bankfull depths for these units."
,,7/2/2015,Mahogany Creek,MC4-15-1,193,FTRF7,1105,28,17.20,6.94,72.2,7.90,0.069,NA,9.00,1.73,0.04,0.05,0.05,0.08,2.29,0.36,0.37,0.37,0.40,0.30,3.00,NA,NA,0,0,0,0,0,UNR,Y,"Getting out of gorge; water much less turbulent. BF height above water here should be closer to 0.30 than 0.10 (see photos); therefore, added (0.3 - original height above water) to the bankfull depths for these units."
,,7/16/2015,Mahogany Creek,MC4-15-1,194,SSMC7,1245,23,16.20,7.62,77.7,7.90,0.070,NA,1.80,1.32,0.14,0.18,0.11,0.22,2.40,0.44,0.26,0.17,0.55,0.33,2.50,0.43,SUB,0,0,0,0,0,UNR,Y,Orange flag at top of this pool.
,,7/16/2015,Mahogany Creek,MC4-15-1,195,FTRF8,1307,23,16.50,7.61,78.0,8.22,0.070,NA,2.50,1.14,0.03,0.05,0.01,0.09,2.10,0.34,0.39,0.34,0.47,0.38,2.10,NA,NA,0,2.5,2.5,0,0.4,UNR,Y,
,,7/16/2015,Mahogany Creek,MC4-15-1,196,FNRN9,1338,24,16.80,7.10,73.7,8.22,0.070,NA,3.00,1.50,0.09,0.09,0.03,0.17,2.35,0.42,0.44,0.30,0.51,0.34,2.50,NA,NA,0,0,0,0,0,UNR,Y,
,,7/16/2015,Mahogany Creek,MC4-15-1,197,FTRF10,1356,25,17.00,7.46,77.3,8.19,0.070,NA,10.00,2.40,0.02,0.05,0.02,0.08,1.80,0.34,0.35,0.33,0.42,0.34,3.50,NA,NA,0.3,2.5,2.8,0.3,0.5,UNR,Y,
,,7/16/2015,Mahogany Creek,MC4-15-1,198,FNRN11,1427,25,17.20,7.06,73.2,8.15,0.070,NA,5.00,3.16,0.02,0.03,0.07,0.14,3.00,0.30,0.28,0.35,0.40,0.26,3.00,NA,NA,1,0,1,0.5,0,UNR,Y,
,,7/16/2015,Mahogany Creek,MC4-15-1,199,FTRF12,1454,24,17.20,7.30,75.7,8.19,0.070,NA,1.70,1.06,0.02,0.01,0.02,0.04,2.35,0.27,0.25,0.24,0.30,0.26,3.50,NA,NA,0,0.25,0.25,0,0.25,UNR,Y,
,,7/16/2015,Mahogany Creek,MC4-15-1,200,SSMC8,1518,25,17.00,6.89,71.7,8.18,0.070,NA,1.50,1.07,0.09,0.06,0.10,0.14,2.85,0.28,0.47,0.39,0.46,0.32,3.30,,WD,0,0,0,0,0,UNR,Y,Pool crest depth not collected.
,,7/16/2015,Mahogany Creek,MC8-15-3,391,FTCC1,900,13,8.48,9.92,85.0,6.60,0.069,NA,10.60,1.15,0.04,0.05,0.05,0.14,1.60,0.22,0.27,0.17,0.36,0.22,6.50,NA,NA,0,0,0,0,0,SLPT,Y,
,,7/16/2015,Mahogany Creek,MC8-15-3,392,FTRP2,922,14,8.68,9.45,81.1,6.77,0.070,NA,14.30,0.90,0.05,0.05,0.02,0.13,1.25,0.09,0.30,0.27,0.38,0.25,6.00,NA,NA,0,0,0,0,0,SLPT,Y,
,,7/16/2015,Mahogany Creek,MC8-15-3,393,FTRF3,935,15,8.72,9.48,81.5,6.76,0.070,NA,25.50,1.10,0.05,0.03,0.05,0.10,1.65,0.26,0.35,0.19,0.34,0.24,13.00,NA,NA,0,0,0,0,0,SLPT,Y,
,,7/16/2015,Mahogany Creek,MC8-15-3,394,SSPL1,1009,17,8.88,9.58,82.7,6.91,0.060,0.120,1.55,1.10,0.09,0.10,0.07,0.15,2.00,0.11,0.34,0.10,0.39,0.24,3.50,0.31,BO,0,0,0,0,0,SLPT,Y,
,,7/16/2015,Mahogany Creek,MC8-15-3,395,FTRP4,1020,15,8.97,9.36,81.2,7.01,0.070,NA,22.00,0.75,0.03,0.03,0.03,0.12,1.20,0.24,0.25,0.20,0.35,0.23,4.00,NA,NA,0,0,0,0,0,SLPT,Y,
,,7/16/2015,Mahogany Creek,MC8-15-3,396,SSMC2,1038,18,9.13,9.47,82.2,6.96,0.066,NA,1.20,1.15,0.09,0.12,0.07,0.15,1.50,0.27,0.35,0.25,0.39,0.24,3.00,0.29,SUB,0,0,0,0,0,SLPT,Y,
,,7/16/2015,Mahogany Creek,MC8-15-3,397,FTRP5,1047,19,9.22,9.36,81.5,6.98,0.070,NA,38.00,0.90,0.04,0.05,0.05,0.12,1.45,0.28,0.27,0.04,0.37,0.25,3.00,NA,NA,0,0,0,0,0,SLPT,Y,
,,7/16/2015,Mahogany Creek,MC8-15-3,398,SSLS3,1130,20,9.40,9.30,81.4,7.04,0.070,NA,1.00,0.91,0.10,0.11,0.08,0.13,1.85,0.20,0.31,0.32,0.38,0.25,10.00,0.29,SUB,0,0,0,0,0,SLPT,Y,
,,7/16/2015,Mahogany Creek,MC8-15-3,399,FTRP6,1139,20,9.73,9.32,82.0,6.99,0.071,NA,5.00,1.10,0.05,0.07,0.03,0.11,1.95,0.16,0.28,0.13,0.35,0.24,14.00,NA,NA,0,0,0,0,0,SLPT,Y,
,,7/16/2015,Mahogany Creek,MC8-15-3,400,SSMC4,1152,20,10.12,9.02,80.2,7.16,0.071,NA,1.10,1.00,0.11,0.10,0.03,0.12,1.85,0.32,0.19,0.12,0.35,0.23,4.50,0.26,SUB,0,0,0,0,0,SLPT,Y,
,,7/16/2015,Mahogany Creek,MC8-15-3,401,FTRP7,1300,,10.23,9.25,82.7,7.07,0.071,NA,39.00,0.72,0.02,0.04,0.03,0.10,2.55,0.26,0.23,0.29,0.34,0.24,8.00,NA,NA,0,0,0,0,0,SLPT,Y,
,,7/16/2015,Mahogany Creek,MC8-15-3,402,FTRF8,1402,,12.00,8.51,78.9,7.02,0.073,NA,9.50,0.91,0.03,0.06,0.02,0.09,2.75,0.23,0.34,0.19,0.35,0.26,4.00,NA,NA,0,0,0,0,0,SLPT,Y,
,,7/16/2015,Mahogany Creek,MC8-15-3,403,FTRP9,1437,,11.59,8.67,79.8,6.87,0.074,NA,25.20,1.50,0.03,0.02,0.06,0.09,3.35,0.28,0.31,0.20,0.34,0.25,5.00,NA,NA,0,0,0,0,0,SLPT,Y,
,,7/16/2015,Mahogany Creek,MC8-15-3,404,FTRP10,1511,,11.90,8.51,78.7,7.19,0.071,NA,57.50,0.91,0.02,0.04,0.03,0.10,3.40,0.19,0.22,0.29,0.33,0.23,38.00,NA,NA,0,0,0,0,0,SLPT,Y,
,,7/21/2015,Mahogany Creek,MC8-15-3,405,SSMC5,907,13,8.94,9.59,83.0,4.69,0.068,NA,1.10,1.00,0.07,0.10,0.08,0.10,0.95,0.30,0.75,0.13,0.32,0.22,5.95,0.29,SUB,0,0,0,0,0,SLPT,Y,pH meter off? Pool crest depth value is smudged on data sheet. Looks like either 0.29 or 0.27.
,,7/21/2015,Mahogany Creek,MC8-15-3,406,FTRP11,936,14,9.06,9.36,81.1,6.55,0.066,NA,42.00,0.70,0.05,0.06,0.04,0.10,1.40,0.19,0.27,0.15,0.33,0.23,9.40,NA,NA,0,0,0,0,0,SLPT,Y,pH meter off?
,,7/21/2015,Mahogany Creek,MC8-15-3,407,SSPL6,1005,15,9.16,9.23,80.2,6.83,0.067,0.160,1.19,0.77,0.11,0.13,0.07,0.15,2.85,0.33,0.30,0.20,0.38,0.23,5.85,0.29,BO,0,0,0,0,0,SLPT,Y,pH meter off?
,,7/21/2015,Mahogany Creek,MC8-15-3,408,FTRP12,1035,15,9.33,9.09,79.6,7.02,0.071,NA,23.00,0.56,0.04,0.03,0.02,0.05,1.40,0.19,0.26,0.21,0.27,0.22,3.40,NA,NA,0,0,0,0,0,SLPT,Y,pH meter off?
,,7/21/2015,Mahogany Creek,MC8-15-3,409,FTRP13,1041,15,9.33,9.23,80.4,6.90,0.073,NA,43.50,0.91,0.05,0.02,0.02,0.09,1.45,0.19,0.26,0.19,0.29,0.20,3.00,NA,NA,0,0,0,0,0,SLPT,Y,pH meter off?
,,7/21/2015,Mahogany Creek,MC8-15-3,410,SSPL7,1106,16,9.42,9.42,82.7,6.95,0.071,0.120,1.23,0.57,0.11,0.10,0.06,0.12,1.40,0.25,0.31,0.06,0.34,0.22,3.40,0.26,BO,0,0,0,0,0,SLPT,Y,pH meter off?
,,7/22/2015,Mahogany Creek,MC7-787,461,SSMC1,1309,17,12.99,8.24,78.2,7.34,0.083,NA,2.00,1.35,0.07,0.10,0.10,0.14,3.30,0.31,0.17,0.16,0.37,0.23,6.00,0.30,BO,0,0,0,0,0,SLPT,Y,
,,7/22/2015,Mahogany Creek,MC7-787,462,FTRP1,1319,16,12.88,8.07,76.4,7.22,0.079,NA,31.50,1.00,0.04,0.04,0.03,0.10,1.80,0.18,0.31,0.23,0.30,0.20,3.00,NA,NA,0,1,1,0,0.25,SLPT,Y,
,,7/22/2015,Mahogany Creek,MC7-787,463,SSMC2,1330,18,12.73,7.95,75.0,7.25,0.083,NA,1.00,1.10,0.11,0.12,0.07,0.13,1.90,0.36,0.31,0.13,0.36,0.23,4.50,0.28,BO,0,0,0,0,0,SLPT,Y,
,,7/22/2015,Mahogany Creek,MC7-787,464,FTRP2,1342,20,12.87,8.22,77.7,7.31,0.082,NA,5.50,1.20,0.04,0.07,0.07,0.13,1.90,0.23,0.29,0.12,0.35,0.22,6.00,NA,NA,0,0,0,0,0,SLPT,Y,
,,7/22/2015,Mahogany Creek,MC7-787,465,SSMC3,1400,20,13.06,8.14,77.3,7.34,0.083,NA,2.30,1.45,0.08,0.11,0.02,0.13,1.70,0.26,0.32,0.20,0.34,0.21,4.50,0.24,BO,0,0,0,0,0,SLPT,Y,
,,7/22/2015,Mahogany Creek,MC7-787,466,FTRP3,1421,17,13.30,8.22,78.2,7.38,0.083,NA,7.90,1.10,0.08,0.09,0.07,0.09,2.85,0.14,0.30,0.09,0.29,0.20,4.00,NA,NA,0,0,0,0,0,SLPT,Y,
,,7/22/2015,Mahogany Creek,MC7-787,467,FTRF4,1430,16,13.44,7.77,74.4,7.33,0.083,NA,9.60,1.15,0.04,0.04,0.03,0.08,1.10,0.27,0.25,0.25,0.30,0.22,2.50,NA,NA,0,0,0,0,0,SLPT,Y,
,,7/22/2015,Mahogany Creek,MC7-787,468,SSLS4,1443,16,13.43,7.77,74.4,7.33,0.083,NA,1.50,1.20,0.13,0.08,0.02,0.15,2.00,0.35,0.26,0.09,0.38,0.23,5.50,0.27,SB,0,0,0,0,0,SLPT,Y,
,,7/22/2015,Mahogany Creek,MC7-787,469,FTRF5,1452,19,13.31,7.72,73.9,7.22,0.083,NA,47.00,1.10,0.03,0.05,0.03,0.06,2.00,0.20,0.25,0.11,0.28,0.22,4.00,NA,NA,0,0,0,0,0,SLPT,Y,
,,7/22/2015,Mahogany Creek,MC7-787,470,SSLS5,1526,17,13.18,7.82,74.6,7.23,0.084,NA,3.10,1.20,0.11,0.06,0.05,0.16,1.65,0.35,0.28,0.07,0.40,0.24,6.00,0.32,SB,0,0,0,0,0,SLPT,Y,
,,7/28/2015,Mahogany Creek,MC7-787,471,FTRF6,1015,15,8.09,9.70,82.3,7.36,0.083,NA,25.00,0.94,0.04,0.06,0.05,0.11,1.60,0.20,0.29,0.25,0.33,0.22,9.00,NA,NA,0,0,0,0,0,SLPT,Y,
,,7/28/2015,Mahogany Creek,MC7-787,472,FNRN7,1025,16,8.14,9.45,80.2,7.23,0.082,NA,2.30,0.97,0.04,0.09,0.09,0.13,1.50,0.07,0.26,0.26,0.35,0.22,14.50,NA,NA,0,0,0,0,0,SLPT,Y,
,,7/28/2015,Mahogany Creek,MC7-787,473,FTRF8,1040,16,8.45,9.42,80.5,7.23,0.082,NA,41.00,1.41,0.05,0.03,0.00,0.10,1.40,0.29,0.20,0.20,0.32,0.22,7.00,NA,NA,3.2,0,3.2,0.44,0,SLPT,Y,
,,7/28/2015,Mahogany Creek,MC7-787,474,SSLS6,1058,16,8.51,9.53,81.7,7.24,0.081,NA,1.00,1.50,0.08,0.07,0.00,0.13,2.50,0.26,0.26,0.18,0.34,0.21,7.00,0.27,SB,0,0,0,0,0,SLPT,Y,
,,7/28/2015,Mahogany Creek,MC7-787,475,FTRP9,1110,16,8.70,9.30,79.9,7.23,0.082,NA,3.10,1.30,0.00,0.06,0.02,0.09,2.45,0.19,0.25,0.15,0.30,0.21,7.50,NA,NA,0,0,0,0,0,SLPT,Y,
,,7/28/2015,Mahogany Creek,MC7-787,476,SSMC7,1117,16,8.81,8.93,77.0,7.44,0.082,NA,1.50,1.20,0.06,0.13,0.15,0.16,1.90,0.16,0.27,0.36,0.38,0.22,9.00,0.30,SUB,0,0,0,0,0,SLPT,Y,
,,7/28/2015,Mahogany Creek,MC7-787,477,FTRP10,1126,16,8.94,9.26,80.0,7.21,0.082,NA,32.00,1.00,0.03,0.03,0.04,0.09,1.20,0.20,0.23,0.25,0.30,0.21,2.00,NA,NA,0,0,0,0,0,SLPT,Y,
,,7/28/2015,Mahogany Creek,MC7-787,478,FTRF11,1140,16,9.33,9.13,79.7,7.23,0.082,NA,14.00,1.38,0.03,0.02,0.00,0.08,1.60,0.23,0.22,0.20,0.30,0.22,6.00,NA,NA,0,0,0,0,0,SLPT,Y,
,,7/28/2015,Mahogany Creek,MC7-787,479,SSLS8,1149,16,9.57,8.87,77.9,7.42,0.082,NA,1.80,0.95,0.12,0.06,0.00,0.12,1.90,0.29,0.06,0.04,0.33,0.21,8.00,0.25,SB,0,0,0,0,0,SLPT,Y,
,,7/28/2015,Mahogany Creek,MC7-787,480,FTRP12,1157,16,9.78,8.97,79.2,7.29,0.082,NA,15.00,1.25,0.04,0.04,0.03,0.11,1.65,0.24,0.27,0.24,0.34,0.23,3.40,NA,NA,0.75,0,0.75,0.52,0,SLPT,Y,
,,7/20/2015,Mahogany Creek,MC1-013,1000,FTRF1,1518,28,20.02,9.12,100.4,8.46,0.098,NA,4.70,0.85,0.03,0.05,0.05,0.08,1.00,0.14,0.18,0.19,0.22,0.14,39.00,NA,NA,0,0,0,0,0,SLPT,,No clear indicator of bank full
,,7/20/2015,Mahogany Creek,MC1-013,1001,FNRN2,1531,28,19.91,8.82,96.9,8.51,0.108,NA,8.90,0.80,0.08,0.10,0.11,0.14,0.90,0.20,0.22,0.22,0.27,0.13,41.00,NA,NA,0,0,0,0,0,SLPT,,No clear indicator of bank full
,,7/20/2015,Mahogany Creek,MC1-013,1002,FTRF3,1542,27,20.05,9.07,99.9,8.51,0.108,NA,5.10,0.88,0.06,0.05,0.04,0.11,1.45,0.27,0.27,0.03,0.32,0.21,50.00,NA,NA,0,0,0,0,0,SLPT,,
,,7/20/2015,Mahogany Creek,MC1-013,1003,SSMC1,1601,26,20.09,8.75,96.4,8.54,0.108,NA,3.20,0.82,0.10,0.17,0.03,0.20,1.90,0.24,0.29,0.05,0.41,0.21,35.00,0.27,SUB,0,0,0,0,0,SLPT,,
,,7/20/2015,Mahogany Creek,MC1-013,1004,FNRN4,1609,25,20.02,8.55,94.0,8.51,0.108,NA,4.90,0.75,0.09,0.11,0.09,0.16,1.20,0.21,0.29,0.24,0.36,0.20,35.00,NA,NA,0,0,0,0,0,SLPT,,
,,7/20/2015,Mahogany Creek,MC1-013,1005,FTRF5,1618,26,19.68,8.98,98.1,8.33,0.108,NA,4.70,0.79,0.04,0.06,0.06,0.11,1.30,0.22,0.25,0.08,0.31,0.20,50.00,NA,NA,0,1,1,0,0.08,SLPT,,
,,7/20/2015,Mahogany Creek,MC1-013,1006,FNRN6,1638,25,19.13,8.74,94.4,8.30,0.108,NA,10.00,0.62,0.07,0.10,0.05,0.20,1.45,0.18,0.29,0.05,0.40,0.20,61.00,NA,NA,0,0,0,0,0,SLPT,,
,,7/20/2015,Mahogany Creek,MC1-013,1007,FTRF7,1644,25,18.82,8.74,94.1,8.33,0.109,NA,4.40,0.64,0.05,0.05,0.07,0.13,1.30,0.23,0.24,0.06,0.33,0.20,60.00,NA,NA,0,0,0,0,0,SLPT,,
,,7/20/2015,Mahogany Creek,MC1-013,1008,FNRN8,1654,25,18.40,8.46,90.1,8.22,0.109,NA,4.10,0.62,0.10,0.10,0.06,0.14,1.50,0.05,0.31,0.09,0.35,0.21,60.00,NA,NA,0,0,0,0,0,SLPT,,
,,7/20/2015,Mahogany Creek,MC1-013,1009,FTRF9,1700,25,18.20,8.66,91.8,8.12,0.109,NA,2.20,0.60,0.04,0.07,0.03,0.09,2.20,0.07,0.13,0.25,0.29,0.20,60.00,NA,NA,0,0,0,0,0,SLPT,,
,,7/23/2015,Mahogany Creek,MC1-013,1010,FNRN10,720,15,11.07,8.71,79.3,7.34,0.104,NA,14.00,0.83,0.12,0.17,0.16,0.20,1.95,0.11,0.29,0.28,0.40,0.20,60.00,NA,NA,0,0,0,0,0,SLPT,,
,,7/23/2015,Mahogany Creek,MC1-013,1011,FTRF11,736,15,11.27,8.92,81.4,7.22,0.104,NA,3.00,0.48,0.07,0.08,0.10,0.12,2.40,0.04,0.12,0.23,0.32,0.20,50.00,NA,NA,0,0,0,0,0,SLPT,,
,,7/23/2015,Mahogany Creek,MC1-013,1012,FNRN12,745,15,11.38,8.87,81.0,7.36,0.103,NA,7.00,0.70,0.08,0.08,0.07,0.12,2.40,0.09,0.31,0.09,0.33,0.21,50.00,NA,NA,0,0,0,0,0,SLPT,,
,,7/23/2015,Mahogany Creek,MC1-013,1013,SSMC2,754,16,11.53,9.05,83.0,7.22,0.103,NA,2.00,0.93,0.12,0.17,0.07,0.18,3.30,0.07,0.34,0.15,0.40,0.22,50.00,0.28,SUB,0,0,0,0,0,SLPT,,
,,7/23/2015,Mahogany Creek,MC1-013,1014,FTRF13,802,16,11.73,9.40,86.2,7.33,0.104,NA,2.30,0.86,0.05,0.06,0.02,0.10,2.70,0.07,0.24,0.11,0.60,0.20,50.00,NA,NA,0,0,0,0,0,SLPT,,
,,7/23/2015,Mahogany Creek,MC1-013,1015,FNRN14,818,15,11.97,8.72,80.9,7.45,0.104,NA,17.00,1.00,0.09,0.13,0.09,0.20,1.90,0.28,0.35,0.19,0.40,0.20,50.00,NA,NA,0,0,0,0,0,SLPT,,
,,7/23/2015,Mahogany Creek,MC1-013,1016,FTRF15,827,16,12.12,9.30,86.6,7.36,0.104,NA,5.50,0.58,0.08,0.09,0.02,0.17,2.30,0.13,0.28,0.10,0.39,0.22,45.00,NA,NA,0,0,0,0,0,SLPT,,
,,7/23/2015,Mahogany Creek,MC1-013,1017,SSLS3,840,16,12.31,9.28,86.7,7.52,0.105,NA,3.80,1.38,0.11,0.07,0.06,0.18,2.90,0.11,0.38,0.28,0.40,0.22,55.00,0.29,SB,0,0,0,0,0,SLPT,,
,,7/23/2015,Mahogany Creek,MC1-013,1018,FNRN16,857,15,12.59,9.47,89.1,7.43,0.105,NA,16.00,0.76,0.07,0.09,0.03,0.24,1.95,0.18,0.29,0.18,0.46,0.22,60.00,NA,NA,0,0,0,0,0,SLPT,,
,,7/23/2015,Mahogany Creek,MC1-013,1019,SSMC4,906,16,12.76,9.55,90.2,7.48,0.104,NA,2.15,1.17,0.23,0.05,0.03,0.23,1.75,0.47,0.42,0.26,0.46,0.23,60.00,0.32,SUB,0,0,0,0,0,SLPT,,
,,7/21/2015,Mahogany Creek,MC8-15-4,421,SSMC1,1402,22,13.40,7.97,76.4,7.22,0.085,NA,1.00,0.82,0.11,0.11,0.03,0.11,1.80,0.30,0.29,0.04,0.09,0.23,7.00,0.02,SUB,0,0,0,0,0,SLPT,,
,,7/21/2015,Mahogany Creek,MC8-15-4,422,SSMC2,1419,22,13.50,7.72,74.1,7.23,0.086,NA,1.25,0.89,0.03,0.07,0.05,0.09,1.90,0.27,0.13,0.07,0.03,0.21,6.50,0.02,SUB,0,0,0,0,0,SLPT,,
,,7/21/2015,Mahogany Creek,MC8-15-4,423,FTRP1,1427,20,13.53,7.85,75.5,7.14,0.086,NA,19.00,1.22,0.00,0.00,0.00,0.06,1.35,0.26,0.24,0.23,0.28,0.22,8.00,NA,NA,0,0,0,0,0,SLPT,,
,,7/21/2015,Mahogany Creek,MC8-15-4,424,SSLS3,1442,19,13.35,7.84,75.1,7.10,0.086,NA,0.75,0.82,0.04,0.04,0.02,0.08,2.50,0.27,0.07,0.17,0.32,0.24,>30,0.01,BO,0,0,0,0,0,SLPT,,
,,7/21/2015,Mahogany Creek,MC8-15-4,425,FTRP2,1459,19,13.28,7.87,75.1,7.18,0.086,NA,10.00,0.90,0.00,0.30,0.02,0.07,2.80,0.18,0.22,0.18,0.31,0.24,12.00,NA,NA,0,2.5,2.5,0,0.05,SLPT,,
,,7/21/2015,Mahogany Creek,MC8-15-4,426,SSMC4,1511,20,13.28,7.96,75.9,7.22,0.086,NA,0.80,0.65,0.03,0.07,0.05,0.06,1.70,0.18,0.25,0.28,0.35,0.29,2.30,0.31,BO,0,0.4,0.4,0,0.3,SLPT,,
,,7/22/2015,Mahogany Creek,MC8-15-4,427,FTRP3,810,15,11.40,8.29,76.0,7.16,0.082,NA,1.60,1.30,0.02,0.04,0.02,0.06,1.50,0.19,0.26,0.25,0.32,0.26,1.60,NA,NA,1.6,0,1.6,0.5,0,SLPT,,
,,7/22/2015,Mahogany Creek,MC8-15-4,428,FNRN4,823,16,11.45,8.03,73.6,7.21,0.081,NA,2.10,1.00,0.03,0.06,0.01,0.07,2.00,0.17,0.24,0.29,0.29,0.22,2.00,NA,NA,2,0,2,0.6,0,SLPT,,
,,7/22/2015,Mahogany Creek,MC8-15-4,429,FTRP5,832,16,11.53,8.10,74.4,7.14,0.082,NA,3.00,1.28,0.02,0.03,0.05,0.06,1.50,0.21,0.20,0.24,0.27,0.21,1.50,NA,NA,1,0,1,0.5,0,SLPT,,
,,7/22/2015,Mahogany Creek,MC8-15-4,430,SSMC5,844,15,11.57,8.28,76.0,7.14,0.081,NA,1.40,2.30,0.03,0.03,0.02,0.07,1.90,0.38,0.27,0.21,0.32,0.25,2.90,0.28,WD,1.4,0,1.4,0.55,0,SLPT,,
,,7/22/2015,Mahogany Creek,MC8-15-4,431,FTRF6,855,15,11.62,8.07,74.3,7.15,0.081,NA,4.10,2.10,0.00,0.01,0.02,0.04,2.10,0.09,0.19,0.18,0.26,0.22,2.50,NA,NA,0,0,0,0,0,SLPT,,
,,7/22/2015,Mahogany Creek,MC8-15-4,432,SSMC6,909,15,11.67,8.26,76.0,7.23,0.081,NA,1.90,1.50,0.01,0.07,0.05,0.10,2.00,0.25,0.28,0.31,0.34,0.24,3.00,0.27,BO,0,1,1,0,0.5,SLPT,,
,,7/22/2015,Mahogany Creek,MC8-15-4,433,SSMC7,925,12,11.68,7.87,72.5,7.29,0.081,NA,1.20,1.30,0.07,0.13,0.04,0.14,2.00,0.31,0.32,0.17,0.35,0.21,4.00,0.26,BO,0,0,0,0,0,SLPT,,
,,7/22/2015,Mahogany Creek,MC8-15-4,434,FTRP7,935,12,11.67,8.30,76.9,7.24,0.081,NA,3.10,1.20,0.02,0.01,0.03,0.05,1.80,0.24,0.25,0.18,0.28,0.23,3.00,NA,NA,0,0,0,0,0,SLPT,,
,,7/22/2015,Mahogany Creek,MC8-15-4,435,FTRP8,944,13,,,,,,NA,6.00,,,,,,2.20,0.26,0.22,0.22,,,,NA,NA,0,0,0,0,0,SLPT,,Dry channel
,,7/22/2015,Mahogany Creek,MC8-15-4,436,FTRP9,954,14,11.70,8.13,75.0,7.23,0.081,NA,2.90,0.80,0.01,0.02,0.02,0.06,2.20,0.18,0.25,0.22,0.28,0.22,4.00,NA,NA,0,0,0,0,0,SLPT,,
,,7/22/2015,Mahogany Creek,MC8-15-4,437,SSMC8,1002,14,11.73,7.99,73.7,7.30,0.080,NA,1.40,0.70,0.03,0.06,0.09,0.10,1.50,0.22,0.27,0.23,0.32,0.22,2.00,0.25,SUB,0,0,0,0,0,SLPT,,
,,7/22/2015,Mahogany Creek,MC8-15-4,438,FTRP10,1014,16,11.80,8.27,76.4,7.22,0.081,NA,5.00,0.55,0.03,0.01,0.01,0.06,2.10,0.25,0.33,0.18,0.32,0.26,2.50,NA,NA,0,0,0,0,0,SLPT,,
,,7/22/2015,Mahogany Creek,MC8-15-4,439,SSLS9,1023,16,11.83,7.78,72.3,7.23,0.081,NA,1.50,1.00,0.06,0.10,0.13,0.14,2.00,0.26,0.18,0.15,0.36,0.22,2.50,0.24,SUB,0,0,0,0,0,SLPT,,
,,7/22/2015,Mahogany Creek,MC8-15-4,440,SSMC10,1032,16,11.89,8.21,75.9,7.30,0.081,NA,2.30,1.00,0.03,0.08,0.06,0.12,1.60,0.31,0.25,0.20,0.34,0.22,2.50,0.25,BO,0,0,0,0,0,SLPT,,